наименование_материала,диаметр,толщина,длина,ширина
Д16Т,0,70.0,290,200
Ст35,20,0.0,30,0
Ст20,20,0.0,6,0
ст20,6,0.0,34,0
Ст20,15,0.0,45,0
INOX,0,8.0,40,32
INOX,0,8.0,32,24
Бр.Б2,0,0.4,60,15
ст20,8,0.0,15,0
Сталь  20-б,8,0.0,13,0
д16 т,0,12.0,290,200
Сталь 3,0,2.0,52,42
Д16 АТ,0,3.0,280,180
Ст. 20,18,0.0,10,0
2Н-1-ТМКЩ-С2-2,0,2.0,40,40
2Н-1-ТМКЩ-С2-2,0,2.0,40,40
2Н-1-ТМКЩ-С2-2,0,2.0,40,40
2Н-1-ТМКЩ-С2-2,0,2.0,40,40
"Амц M 2,0",0,10.0,60,30
Полиамид,0,6.0,26,22
Д16 Т,0,20.0,25,125
"Амц M 1,5",0,15.0,25,120
Д16 Т,25,0.0,25,0
Д16 Т,20,0.0,20,0
Д16 Т,20,0.0,6,0
Сталь 35ХМЛ,0,0,0,0
Сталь 35ХМЛ,0,0,0,0
Сталь 35ХМЛ,0,0,0,0
Сталь 35ХМЛ,0,0,0,0
Сталь 35ХМЛ,0,0,0,0
Сталь 35ХМЛ,0,0,0,0
Сталь 35ХМЛ,0,0,0,0
Сталь 35ХМЛ,0,0,0,0
ВЧ40  или Сталь 40х,0,0,0,0
ВЧ40  или Сталь 40х,0,0,0,0
ВЧ40  или Сталь 40х,0,0,0,0
ВЧ40  или Сталь 40х,0,0,0,0
ВЧ40  или Сталь 40х,0,0,0,0
ВЧ40  или Сталь 40х,0,0,0,0
ВЧ40  или Сталь 40х,0,0,0,0
ВЧ40  или Сталь 40х,0,0,0,0
ВЧ40  или Сталь 40х,0,0,0,0
Сталь 35ХМЛ,0,0,0,0
Сталь 35ХМЛ,0,0,0,0
ВЧ40  или Сталь 40х,0,0,0,0
ВЧ40  или Сталь 40х,0,0,0,0
SUS 304,130,0,25,0
SUS 304,32,0,50,0
SUS 304,57,0,140,0
09 Г2С,0,25,290,290
Ст3,0,20,215,215
09 Г2С,0,25,185,185
09 Г2С,0,40,190,190
09 Г2С,0,16,145,145
08Х18Н10Т,32,0,30,0
Амг3,0,5,65,36
09 Г2С,0,4,65,104
09 Г2С,0,80,270,270
09 Г2С,0,20,225,225
09 Г2С,0,14,190,190
09 Г2С,0,14,155,155
40Х,16,0,56,0
45,0,20,45,30
Д16Т,60,0,81,0
Д16Т,70,0,25,0
7075 T6,0,60,95,52
14Х17Н2,75,0,10,0
420J2,125,0,16,0
INOX304,0,3,40,28
Д16Т,45,0,63,0
Д16Т,60,0,30,0
Д16Т,0,6,42,28
INOX304,50,0,7,0
INOX304,50,0,15,0
INOX304,55,0,51,0
Д16Т,0,16,260,250
INOX304,20,0,330,0
INOX304,0,6,38,28
Д16Т,60,0,20,0
INOX304,90,0,60,0
М1,100,0,100,0
420J2,100,0,180,0
INOX304,0,15,145,60
45,0,20.0,22,20
У8А,0,0.5,16,10
ЛС59-1,12,0.0,21,0
А12,6,0.0,18,0
А12,6,0.0,18,0
Д16АМ,0,12.0,160,132
12Х18Н9Т,10,0.0,11,0
40Х13,90,0.0,15,0
40Х13,90,0.0,10,0
А12,8,0.0,12,0
А12,8,0.0,22,0
А12,8,0.0,26,0
95Х18,40,0.0,8,0
95Х18,0,4.0,185,112
40Х13,22,0.0,19,0
45,0,6.0,320,180
Д16Б,0,12.0,120,80
45,0,20.0,220,160
40Х13,14,0.0,47,0
В95,0,70.0,130,85
45,140,0.0,180,0
45,25,0.0,22,0
45,6,0.0,20,0
45,0,8.0,25,15
45,8,0.0,10,0
45,0,15.0,30,15
У8А,3,0.0,15,0
А12,3,0.0,17,0
Д16,0,6.0,30,30
Д16,12,0.0,7,0
45,5,0.0,18,0
45,20,0.0,15,0
45,16,0.0,10,0
45,0,15.0,45,20
40Х,140,0.0,40,0
45,10,0.0,47,0
45,0,8.0,42,30
45,35,0.0,37,0
45,10,0.0,50,0
45,100,0.0,20,0
45,0,6.0,30,30
Д16,0,30.0,40,40
45,15,0.0,7,0
45,35,0.0,10,0
45,30,0.0,60,0
45,18,0.0,8,0
45,30,0.0,30,0
45,10,0.0,35,0
Д16,10,0.0,16,0
45,6,0.0,15,0
45,15,0.0,17,0
12Х18Н9,10,0.0,6,0
12Х18Н9,14,0.0,21,0
12Х18Н9,14,0.0,59,0
12Х18Н9,18,0.0,13,0
12Х18Н9,12,0.0,20,0
12Х18Н9,12,0.0,18,0
12Х18Н9,0,12.0,26,24
12Х18Н9,0,12.0,26,24
12Х18Н9,0,1.5,260,180
У8А,10,0,25,0
SUS 304,0,0.1,30,30
SUS 304,0,0.3,30,30
SUS 420 J2,75,0.0,30,0
Д16Т,0,20,54,20
Д16Т,0,20,54,34
ВТ1-0,15,0,18,0
ЛС59-1,28,0,11,0
45,0,10,215,195
Д16,0,25,110,85
Д16,200,0,35,0
45,0,5,45,40
Д16,0,20,160,85
Д16Т,0,30,70,50
45,16,0,18,0
Д16,0,25,60,60
Д16,0,20,155,85
Д16,0,16,185,105
Д16,0,10,75,45
Д16,0,12,70,65
Д16,0,20,56,50
Д16,0,35,58,50
Д16,0,12,38,25
Д16,30,0,46,0
Д16,0,25,240,215
Д16,0,8,190,172
Д16,0,45,240,100
95Х18,18,0,16,0
В95,0,15,75,60
Д16,0,20,240,220
Д16,0,35,125,70
Д16,0,50,105,82
Д16,0,16,20,20
Д16,0,16,25,20
Д16,0,20,65,28
Д16,0,30,55,50
Д16,14,0,8,0
Д16,180,0,55,0
Д16,0,35,125,70
45,6,0,52,0
Д16,0,10,160,130
95Х18,70,0,10,0
Д16АТ,0,1,45,30
Д16,55,0,33,0
Д16,40,0,10,0
Д16,0,16,58,58
Д16,0,16,80,65
Д16,0,20,56,50
Д16,30,0,17,0
45,80,0,34,0
95Х18,12,0,45,0
45,8,0,25,0
Д16Т,0,40,65,65
45,8,0,45,0
Д16,50,0,37,0
95Х18,14,0,200,0
Д16,25,0,9,0
Д16,30,0,11,0
"A5052(АМг2,5)",85,0,75,0
Д16Т,0,15,370,280
Амц,0,2,470,360
Д16Т,0,50,310,145
Д16Т,100,0,250,0
Д16Т,200,0,80,0
Д16Т,0,45,380,370
Д16Т,200,0,140,0
Д16Т,0,45,380,370
Д16Т,0,45,295,270
Д16Т,0,15,810,370
Д16Т,0,45,200,160
В95,50,0,12,0
40Х13,45,0,11,0
В95,65,0,18,0
В95,65,0,25,0
В95,65,0,36,0
В95,65,0,13,0
В95,65,0,27,0
40Х,15,0,90,0
40Х,35,0,45,0
ПА6,50,0,6,0
В95,35,0,8,0
В95,50,0,6,0
В95,40,0,10,0
В95,40,0,10,0
Л63,6,0,23,0
ПА6,20,0,8,0
45,20,0,14,0
Л63,6,0,7,0
В95,50,0,12,0
40Х13,45,0,11,0
В95,65,0,18,0
В95,65,0,25,0
В95,65,0,36,0
В95,65,0,13,0
В95,65,0,27,0
40Х,15,0,90,0
40Х,35,0,45,0
ПА6,50,0,6,0
В95,35,0,8,0
В95,50,0,6,0
В95,40,0,10,0
В95,40,0,10,0
Л63,6,0,23,0
ПА6,20,0,8,0
45,20,0,14,0
Л63,6,0,7,0
45.0,42,0,42,0
наименование_материала,диаметр,толщина,длина,ширина
Д16Т,0,70.0,290,200
Ст35,20,0.0,30,0
Ст20,20,0.0,6,0
ст20,6,0.0,34,0
Ст20,15,0.0,45,0
INOX,0,8.0,40,32
INOX,0,8.0,32,24
Бр.Б2,0,0.4,60,15
ст20,8,0.0,15,0
Сталь  20-б,8,0.0,13,0
д16 т,0,12.0,290,200
Сталь 3,0,2.0,52,42
Д16 АТ,0,3.0,280,180
Ст. 20,18,0.0,10,0
2Н-1-ТМКЩ-С2-2,0,2.0,40,40
2Н-1-ТМКЩ-С2-2,0,2.0,40,40
2Н-1-ТМКЩ-С2-2,0,2.0,40,40
2Н-1-ТМКЩ-С2-2,0,2.0,40,40
"Амц M 2,0",0,10.0,60,30
Полиамид,0,6.0,26,22
Д16 Т,0,20.0,25,125
"Амц M 1,5",0,15.0,25,120
Д16 Т,25,0.0,25,0
Д16 Т,20,0.0,20,0
Д16 Т,20,0.0,6,0
Сталь 35ХМЛ,0,0,0,0
Сталь 35ХМЛ,0,0,0,0
Сталь 35ХМЛ,0,0,0,0
Сталь 35ХМЛ,0,0,0,0
Сталь 35ХМЛ,0,0,0,0
Сталь 35ХМЛ,0,0,0,0
Сталь 35ХМЛ,0,0,0,0
Сталь 35ХМЛ,0,0,0,0
ВЧ40  или Сталь 40х,0,0,0,0
ВЧ40  или Сталь 40х,0,0,0,0
ВЧ40  или Сталь 40х,0,0,0,0
ВЧ40  или Сталь 40х,0,0,0,0
ВЧ40  или Сталь 40х,0,0,0,0
ВЧ40  или Сталь 40х,0,0,0,0
ВЧ40  или Сталь 40х,0,0,0,0
ВЧ40  или Сталь 40х,0,0,0,0
ВЧ40  или Сталь 40х,0,0,0,0
Сталь 35ХМЛ,0,0,0,0
Сталь 35ХМЛ,0,0,0,0
ВЧ40  или Сталь 40х,0,0,0,0
ВЧ40  или Сталь 40х,0,0,0,0
SUS 304,130,0,25,0
SUS 304,32,0,50,0
SUS 304,57,0,140,0
09 Г2С,0,25,290,290
Ст3,0,20,215,215
09 Г2С,0,25,185,185
09 Г2С,0,40,190,190
09 Г2С,0,16,145,145
08Х18Н10Т,32,0,30,0
Амг3,0,5,65,36
09 Г2С,0,4,65,104
09 Г2С,0,80,270,270
09 Г2С,0,20,225,225
09 Г2С,0,14,190,190
09 Г2С,0,14,155,155
40Х,16,0,56,0
45,0,20,45,30
Д16Т,60,0,81,0
Д16Т,70,0,25,0
7075 T6,0,60,95,52
14Х17Н2,75,0,10,0
420J2,125,0,16,0
INOX304,0,3,40,28
Д16Т,45,0,63,0
Д16Т,60,0,30,0
Д16Т,0,6,42,28
INOX304,50,0,7,0
INOX304,50,0,15,0
INOX304,55,0,51,0
Д16Т,0,16,260,250
INOX304,20,0,330,0
INOX304,0,6,38,28
Д16Т,60,0,20,0
INOX304,90,0,60,0
М1,100,0,100,0
420J2,100,0,180,0
INOX304,0,15,145,60
45,0,20.0,22,20
У8А,0,0.5,16,10
ЛС59-1,12,0.0,21,0
А12,6,0.0,18,0
А12,6,0.0,18,0
Д16АМ,0,12.0,160,132
12Х18Н9Т,10,0.0,11,0
40Х13,90,0.0,15,0
40Х13,90,0.0,10,0
А12,8,0.0,12,0
А12,8,0.0,22,0
А12,8,0.0,26,0
95Х18,40,0.0,8,0
95Х18,0,4.0,185,112
40Х13,22,0.0,19,0
45,0,6.0,320,180
Д16Б,0,12.0,120,80
45,0,20.0,220,160
40Х13,14,0.0,47,0
В95,0,70.0,130,85
45,140,0.0,180,0
45,25,0.0,22,0
45,6,0.0,20,0
45,0,8.0,25,15
45,8,0.0,10,0
45,0,15.0,30,15
У8А,3,0.0,15,0
А12,3,0.0,17,0
Д16,0,6.0,30,30
Д16,12,0.0,7,0
45,5,0.0,18,0
45,20,0.0,15,0
45,16,0.0,10,0
45,0,15.0,45,20
40Х,140,0.0,40,0
45,10,0.0,47,0
45,0,8.0,42,30
45,35,0.0,37,0
45,10,0.0,50,0
45,100,0.0,20,0
45,0,6.0,30,30
Д16,0,30.0,40,40
45,15,0.0,7,0
45,35,0.0,10,0
45,30,0.0,60,0
45,18,0.0,8,0
45,30,0.0,30,0
45,10,0.0,35,0
Д16,10,0.0,16,0
45,6,0.0,15,0
45,15,0.0,17,0
12Х18Н9,10,0.0,6,0
12Х18Н9,14,0.0,21,0
12Х18Н9,14,0.0,59,0
12Х18Н9,18,0.0,13,0
12Х18Н9,12,0.0,20,0
12Х18Н9,12,0.0,18,0
12Х18Н9,0,12.0,26,24
12Х18Н9,0,12.0,26,24
12Х18Н9,0,1.5,260,180
У8А,10,0,25,0
SUS 304,0,0.1,30,30
SUS 304,0,0.3,30,30
SUS 420 J2,75,0.0,30,0
Д16Т,0,20,54,20
Д16Т,0,20,54,34
ВТ1-0,15,0,18,0
ЛС59-1,28,0,11,0
45,0,10,215,195
Д16,0,25,110,85
Д16,200,0,35,0
45,0,5,45,40
Д16,0,20,160,85
Д16Т,0,30,70,50
45,16,0,18,0
Д16,0,25,60,60
Д16,0,20,155,85
Д16,0,16,185,105
Д16,0,10,75,45
Д16,0,12,70,65
Д16,0,20,56,50
Д16,0,35,58,50
Д16,0,12,38,25
Д16,30,0,46,0
Д16,0,25,240,215
Д16,0,8,190,172
Д16,0,45,240,100
95Х18,18,0,16,0
В95,0,15,75,60
Д16,0,20,240,220
Д16,0,35,125,70
Д16,0,50,105,82
Д16,0,16,20,20
Д16,0,16,25,20
Д16,0,20,65,28
Д16,0,30,55,50
Д16,14,0,8,0
Д16,180,0,55,0
Д16,0,35,125,70
45,6,0,52,0
Д16,0,10,160,130
95Х18,70,0,10,0
Д16АТ,0,1,45,30
Д16,55,0,33,0
Д16,40,0,10,0
Д16,0,16,58,58
Д16,0,16,80,65
Д16,0,20,56,50
Д16,30,0,17,0
45,80,0,34,0
95Х18,12,0,45,0
45,8,0,25,0
Д16Т,0,40,65,65
45,8,0,45,0
Д16,50,0,37,0
95Х18,14,0,200,0
Д16,25,0,9,0
Д16,30,0,11,0
"A5052(АМг2,5)",85,0,75,0
Д16Т,0,15,370,280
Амц,0,2,470,360
Д16Т,0,50,310,145
Д16Т,100,0,250,0
Д16Т,200,0,80,0
Д16Т,0,45,380,370
Д16Т,200,0,140,0
Д16Т,0,45,380,370
Д16Т,0,45,295,270
Д16Т,0,15,810,370
Д16Т,0,45,200,160
В95,50,0,12,0
40Х13,45,0,11,0
В95,65,0,18,0
В95,65,0,25,0
В95,65,0,36,0
В95,65,0,13,0
В95,65,0,27,0
40Х,15,0,90,0
40Х,35,0,45,0
ПА6,50,0,6,0
В95,35,0,8,0
В95,50,0,6,0
В95,40,0,10,0
В95,40,0,10,0
Л63,6,0,23,0
ПА6,20,0,8,0
45,20,0,14,0
Л63,6,0,7,0
В95,50,0,12,0
40Х13,45,0,11,0
В95,65,0,18,0
В95,65,0,25,0
В95,65,0,36,0
В95,65,0,13,0
В95,65,0,27,0
40Х,15,0,90,0
40Х,35,0,45,0
ПА6,50,0,6,0
В95,35,0,8,0
В95,50,0,6,0
В95,40,0,10,0
В95,40,0,10,0
Л63,6,0,23,0
ПА6,20,0,8,0
45,20,0,14,0
Л63,6,0,7,0
45.0,42,0,42,0
40Х,32,0,40,0
18ХГ,20,0,40,0
20Х,10,0,60,0
35  S32,32,0,47,0
40Х,35,0,31,0
40Х,25,0,27,0
35  S19,19,0,55,0
40Х,14,0,26,0
35  S32,32,0,80,0
Труба 25х3,25,0,108,0
40Х,24,0,83,0
35,26,0,8,0
40Х,18,0,14,0
40Х,27,0,25,0
35  S27,27,0,47,0
20Х,10,0,16,0
40Х,14,0,10,0
40Х,12,0,18,0
35  S27,27,0,55,0
20Х,14,0,22,0
40Х,8,0,23,0
SUS 304,0,8,112,105
SUS 304,0,8,58,33
SUS 304,100,0,30,0
SUS 304,0,8,58,33
SUS 304,20,0,48,0
SUS 304,0,8,52,84
SUS 304,0,25,290,290
SUS 304,12,0,70,0
SUS 304,50,0,8,0
SUS 304,50,0,16,0
SUS 304,60,0,55,0
SBR Rubber,0,0,0,0
SUS 304,30,0,48,0
SUS 304,8,0,180,0
NBR Rubber,0,1,100,65
PTFE,70,0,40,0
А12,10,0,15,0
"А12, шестигранник 4",8,0,23,0
"А12, шестигранник 4",8,0,26,0
"А12, шестигранник 4",8,0,30,0
"А12, шестигранник 4",8,0,30,0
Ст20,10,0,42,0
Ст20,10,0,40,0
Ст20,10,0,55,0
ЛС59-1,6,0,15,0
А12,6,0,12,0
А12,10,0,15,0
"А12, шестигранник 4",8,0,23,0
"А12, шестигранник 4",8,0,26,0
"А12, шестигранник 4",8,0,30,0
"А12, шестигранник 4",8,0,30,0
Ст20,10,0,42,0
Ст20,10,0,40,0
Ст20,10,0,55,0
ЛС59-1,6,0,15,0
А12,6,0,12,0
А12,10,0,15,0
"А12, шестигранник 4",8,0,23,0
"А12, шестигранник 4",8,0,26,0
"А12, шестигранник 4",8,0,30,0
"А12, шестигранник 4",8,0,30,0
Ст20,10,0,42,0
Ст20,10,0,40,0
Ст20,10,0,55,0
ЛС59-1,6,0,15,0
А12,6,0,12,0
А12,10,0,15,0
"А12, шестигранник 4",8,0,23,0
"А12, шестигранник 4",8,0,26,0
"А12, шестигранник 4",8,0,30,0
"А12, шестигранник 4",8,0,30,0
Ст20,10,0,42,0
Ст20,10,0,40,0
Ст20,10,0,55,0
ЛС59-1,6,0,15,0
А12,6,0,12,0
АМг6,0,135.0,420,225
АМг6,0,20.0,160,105
АМг6,0,20.0,180,160
М3,0,6.0,185,160
АМг6,0,1.5,190,100
20,0,0.7,15,10
АМг6,0,1.0,105,45
АМг6,0,1.0,60,45
АМг6,0,20.0,420,225
АМг6,0,135.0,420,225
АМг6,0,20.0,160,105
АМг6,0,20.0,180,160
М3,0,6.0,185,160
АМг6,0,1.5,190,100
20,0,0.7,15,10
АМг6,0,1.0,105,45
АМг6,0,1.0,60,45
АМг6,0,20.0,420,225
В95Т,0,16,55,33
В95Т,0,16,55,20
INOX304,0,12,45,20
INOX304,10,0,52,0
В95Т,0,18,25,12
В95Т,0,16,55,30
В95Т,0,16,55,20
INOX304,0,12,45,20
INOX304,10,0,52,0
В95Т,0,8,25,12
В95Т,0,420,30,22
В95Т,0,420,20,16
INOX304,0,197,15,16
INOX304,10,0,52,0
В95Т,0,177,12,16
В95Т,0,18,55,33
В95Т,0,18,55,20
INOX304,0,12,45,20
INOX304,10,0,52,0
В95Т,0,18,25,12
В95Т,0,18,55,33
В95Т,0,18,55,20
INOX304,0,12,45,20
INOX304,10,0,52,0
В95Т,0,18,25,12
08Х22Н6Т,130,0,60,0
12Х18Н9Т,16,0,10,0
Ketron 1000 PEEK,120,0,178,0
Halogen-free one-way CCL CNS1201NB1,0,0,0,0
Ketron 1000 PEEK,12,0,12,0
12Х18Н9Т,10,0,16,0
12Х18Н9Т,0,5,70,60
12Х18Н10Т,0,2,98,98
08Х22Н6Т,280,0,210,0
12Х18Н10Т,130,0,35,0
ПА,30,0,40,0
08Х22Н6Т,45,0,115,0
D16T,0,4,160,130
08Х22Н6Т,130,0,60,0
12Х18Н9Т,16,0,10,0
Ketron 1000 PEEK,120,0,178,0
Halogen-free one-way CCL CNS1201NB1,0,0,0,0
Ketron 1000 PEEK,12,0,12,0
12Х18Н9Т,10,0,16,0
12Х18Н9Т,0,5,70,60
12Х18Н10Т,0,2,98,98
08Х22Н6Т,280,0,210,0
12Х18Н10Т,130,0,35,0
ПА,30,0,40,0
08Х22Н6Т,45,0,115,0
D16T,0,4,160,130
08Х22Н6Т,130,0,60,0
12Х18Н9Т,16,0,10,0
Ketron 1000 PEEK,120,0,178,0
Halogen-free one-way CCL CNS1201NB1,0,0,0,0
Ketron 1000 PEEK,12,0,12,0
12Х18Н9Т,10,0,16,0
12Х18Н9Т,0,5,70,60
12Х18Н10Т,0,2,98,98
08Х22Н6Т,280,0,210,0
12Х18Н10Т,130,0,35,0
ПА,30,0,40,0
08Х22Н6Т,45,0,115,0
D16T,0,4,160,130
Д16Т,0,30,940,300
Д16Т,0,30,295,35
Д16Т,0,5,295,20
12Х18Н10Т,2,0,10,0
Уголок,20,0,1025,0
Д16Т,0,10,55,22
ЛС59-1,2,0,17,0
Ф-4,6,0,12,0
08Х22Н6Т,280,0,115,0
12Х18Н9Т,55,0,45,0
Труба 133х12 12Х18Н10Т,0,0,291,0
12Х18Н10Т,0,2,160,160
08Х22Н6Т,130,0,35,0
ПА,30,0,40,0
08Х22Н6Т,45,0,80,0
Keptron 1000 PEEK,120,0,420,0
Труба 95х8 12Х18Н10Т,0,0,12,0
12Х18Н9Т,10,0,18,0
Keptron 1000 PEEK,10,0,12,0
08Х22Н6Т,130,0,60,0
12Х18Н9Т,16,0,10,0
12Х18Н10Т,0,2,98,98
12Х18Н10Т,0,2,98,98
Д16Т,0,4,160,100
08Х22Н6Т,280,0,115,0
12Х18Н9Т,55,0,45,0
Труба 133х12 12Х18Н10Т,0,0,291,0
12Х18Н10Т,0,2,160,160
08Х22Н6Т,130,0,35,0
ПА,30,0,40,0
08Х22Н6Т,45,0,80,0
Keptron 1000 PEEK,120,0,420,0
Труба 95х8 12Х18Н10Т,0,0,12,0
12Х18Н9Т,10,0,18,0
Keptron 1000 PEEK,10,0,10,0
08Х22Н6Т,130,0,60,0
12Х18Н9Т,16,0,10,0
12Х18Н10Т,0,2,98,98
12Х18Н10Т,0,2,98,98
Д16Т,0,4,160,100
08Х22Н6Т,280,0,115,0
12Х18Н9Т,55,0,45,0
Труба 133х12 12Х18Н10Т,0,0,291,0
12Х18Н10Т,0,2,160,160
08Х22Н6Т,130,0,35,0
ПА,30,0,40,0
08Х22Н6Т,45,0,80,0
Keptron 1000 PEEK,120,0,420,0
Труба 95х8 12Х18Н10Т,0,0,12,0
12Х18Н9Т,10,0,18,0
Keptron 1000 PEEK,10,0,12,0
08Х22Н6Т,130,0,60,0
12Х18Н9Т,16,0,10,0
12Х18Н10Т,0,2,98,98
12Х18Н10Т,0,2,98,98
Д16Т,0,4,160,100
12Х18Н10Т,0,20,250,250
БрОЦ4-3,32,0,18,0
БрО10Ф1,110,0,25,0
40ХН2МА,32,0,65,0
12Х18Н10Т,0,12,295,295
12Х18Н10Т,0,20,250,250
БрОЦ4-3,32,0,18,0
БрО10Ф1,110,0,25,0
40ХН2МА,32,0,65,0
12Х18Н10Т,0,12,295,295
ОТ4,0,37.5,254,192
ОТ4,0,37.5,254,192
2024,0,12,70,50
2024,0,12,50,45
2024,20,0,50,0
SUS 304,0,30,93,48
PEEK,0,0,0,0
PTFE,45,0,35,0
PTFE,40,0,40,0
C3710,20,0,90,0
A6061T6,0,81,370,370
SUS 304,12,0,110,0
SUS 304,10,0,130,0
Д16Т,0,45,110,60
Д16Т,0,45,105,60
Д16Т,0,35,60,45
AT-1011-01,90,0.0,85,0
AT-1011-01,40,0.0,9,0
AT-1011-01,0,30.0,70,55
AT-1011-01,0,25.0,80,80
AT-1011-01,0,12.0,110,88
3103,0,1.5,200,185
AT-1011-01,0,25.0,80,78
AT-1011-01,0,25.0,80,78
Л63,6,0,23,0
Л63,6,0,7,0
В95,60,0,14,0
40Х13,56,0,15,0
В95,90,0,24,0
В95,90,0,30,0
В95,90,0,51,0
В95,90,0,17,0
В95,90,0,23,0
95Х18,18,0,110,0
40Х,50,0,55,0
45,30,0,11,0
В95,45,0,10,0
В95,70,0,7,0
В95,40,0,10,0
В95,40,0,10,0
ПА6,20,0,8,0
45,28,0,18,0
40Х,6,0,15,0
40Х,8,0,15,0
40Х,3,0,65,0
40Х,4,0,85,0
Л63,6,0,23,0
Л63,6,0,7,0
В95,60,0,14,0
40Х13,56,0,15,0
В95,90,0,24,0
В95,90,0,30,0
В95,90,0,51,0
В95,90,0,17,0
В95,90,0,23,0
95Х18,18,0,110,0
40Х,50,0,55,0
45,30,0,11,0
В95,45,0,10,0
В95,70,0,7,0
В95,40,0,10,0
В95,40,0,10,0
ПА6,20,0,8,0
45,28,0,18,0
40Х13,0,100,330,110
40Х13,0,90,205,190
A6061T6,0,25,250,250
ПОМ-с черный,0,40,150,70
EN AW 6061-T6,65,0,320,0
EN AW 6061-T6,65,0,320,0
EN AW 6061-T6,65,0,320,0
EN AW 6061-T6,65,0,320,0
EN AW 6061-T6,65,0,320,0
EN AW 6061-T6,65,0,320,0
EN AW 5083,110,0,70,0
EN AW 5083,110,0,70,0
EN AW 5083,110,0,70,0
EN AW 5083,0,70,75,65
EN AW 5083,0,70,75,65
EN AW 5083,0,70,75,65
У8А,16,0,70,0
Д16Т,0,40,90,65
Д16Т,0,14,70,55
Сталь 45,16,0,40,0
Сталь 45,16,0,35,0
Сталь 45,16,0,25,0
У8А,0,20,75,20
Д16Т,0,14,275,150
У8А,0,12,245,25
Д16Т,0,12,210,210
У8А,0,16,205,20
У8,16,0,65,0
79НМ,30,0,102,0
ЛС59-1 ,15,0,67,0
Д16Т,65,0,70,0
Д16Т,65,0,70,0
Д16Т,45,0,70,0
Д16Т,0,40,72,62
Д16Т,0,40,72,62
Д16Т,0,40,72,40
Д16Т,0,40,72,62
Д16Т,0,40,72,62
Д16Т,0,40,72,40
Д16Т,0,40,72,62
Д16Т,0,40,72,62
Д16Т,0,40,72,40
Сталь 40Х,90,0,90,0
Сталь 40ХН,32,0,98,0
Сталь 40ХН,120,0,60,0
Сталь 40ХН,120,0,110,0
Сталь 40Х,45,0,100,0
Сталь 40Х,160,0,175,0
Сталь 20Х,0,0,0,0
Сталь 20Х,0,0,0,0
Д16Б,0,16,820,640
45,70,0,56,0
45,70,0,68,0
12Х18Н10Т,160,0,130,0
12Х18Н10Т,90,0,260,0
12Х18Н10Т,28,0,420,0
45,0,12,30,21
ст3,50,0,45,0
Д16,0,16,250,65
ст3,0,4,46,40
ст3,35,0,65,0
ст3,38,0,58,0
ст3,0,25,56,55
ст3,38,0,22,0
12Х18Н10Т,0,2,38,16
ст3,0,16,185,65
ст3,0,4,170,60
ст3,0,12,260,185
ст3,0,25,88,42
ст3,0,16,88,36
ст3,0,8,35,35
12Х18Н10Т,0,2,330,330
ст3,0,3,165,22
ст3,0,6,415,265
ст3,0,15,48,45
ст3,0,16,45,41
Д16,0,12,175,20
Д16,0,12,125,50
Д16,0,12,200,48
Д16,0,20,240,48
ст3,0,3,45,22
ст3,0,3,45,22
ст3,0,3,52,26
ст3,0,20,135,32
ст3,0,6,90,28
Д16,0,25,110,50
Д16Т,0,20,62,50
Д16,0,16,345,220
Д16,0,12,190,80
ст3,0,15,38,20
ст3,0,12,130,20
ст3,0,6,115,60
POM белый,0,40,120,90
ст3,0,16,243,225
Д16,0,16,110,35
Д16,0,16,110,35
ст3,0,15,85,30
ст3,0,8,65,55
Д16,0,35,230,21
ст3,0,3,55,38
ст3,0,30,142,35
Д16,0,16,645,320
Д16,0,12,285,42
Д16,0,12,185,110
Д16,0,6,210,210
ст3,0,12,335,85
ст3,0,10,135,35
ст3,0,20,136,62
ст3,0,16,161,65
ст3,0,16,205,65
ст3,0,6,37,19
Д16,0,40,90,45
45,60,0,47,0
ст3,0,6,45,25
ст3,0,8,67,67
ст3,0,25,155,10
ст3,0,5,45,25
ст3,0,25,205,20
ст3,0,25,265,17
ст3,0,16,283,165
ст3,0,16,320,300
ст3,0,16,281,85
ст3,0,20,283,155
ст3,0,20,350,285
ст3,0,20,350,285
ст3,0,20,45,41
ст3,0,16,330,35
ст3,0,16,165,49
ст3,0,16,205,34
ст3,0,16,300,70
ст3,0,20,287,105
ст3,56,0,105,0
Д16,0,20,52,48
Д16,0,15,155,50
ст3,0,35,230,14
ст3,0,25,105,35
ст3,50,0,65,0
ст3,38,0,35,0
ст3,0,25,85,45
ст3,0,25,85,45
ст3,0,20,225,55
ст3,0,25,190,105
ст3,0,25,175,105
ст3,0,12,205,120
ст3,0,25,75,35
ст3,0,12,670,350
ст3,0,12,560,465
45,0,12,35,25
ст3,60,0,35,0
Д16,0,16,250,65
ст3,0,4,46,40
ст3,0,30,70,30
ст3,0,30,60,35
ст3,0,25,60,52
ст3,0,20,35,30
12Х18Н10Т,0,2,38,16
ст3,0,20,190,70
ст3,0,4,175,40
ст3,0,12,355,190
ст3,0,28,88,42
ст3,0,20,88,36
ст3,0,8,38,38
12Х18Н10Т,0,2,330,330
ст3,0,3,165,22
ст3,0,6,420,270
ст3,0,12,48,45
ст3,0,15,48,45
Д16,0,12,175,20
Д16,0,12,125,50
Д16,0,12,200,48
Д16,0,20,240,48
ст3,0,3,45,22
ст3,0,3,45,22
ст3,0,3,52,26
ст3,0,20,135,32
ст3,0,6,90,28
Д16,0,25,110,50
Д16Т,0,20,62,50
Д16,0,16,345,220
Д16,0,12,190,80
ст3,0,15,38,20
ст3,0,12,130,20
ст3,0,6,120,65
POM белый,0,40,120,90
ст3,0,15,250,230
Д16,0,15,115,38
Д16,0,15,115,38
ст3,0,15,90,32
ст3,0,8,70,60
Д16,0,20,235,40
ст3,0,3,60,40
ст3,0,30,145,36
Д16,0,15,430,195
Д16,0,12,285,42
Д16,0,12,185,110
Д16,0,6,210,210
ст3,0,10,340,80
ст3,0,10,140,40
ст3,0,18,110,105
ст3,0,18,165,70
ст3,0,18,210,70
ст3,0,5,40,20
Д16,0,40,90,45
45,60,0,50,0
ст3,0,6,50,30
ст3,0,8,70,70
ст3,0,8,160,30
ст3,0,6,50,30
ст3,0,20,210,32
ст3,0,18,270,32
ст3,0,18,290,170
ст3,0,18,325,305
ст3,0,18,285,90
ст3,0,18,290,160
ст3,0,18,355,290
ст3,0,18,355,290
ст3,0,18,48,45
ст3,0,15,335,40
ст3,0,15,145,100
ст3,0,15,210,35
ст3,0,18,305,75
ст3,0,18,290,110
ст3,60,0,110,0
Д16,0,20,52,48
Д16,0,15,155,50
ст3,0,12,235,40
ст3,0,25,110,40
ст3,0,30,70,50
ст3,0,30,38,32
ст3,0,25,90,48
ст3,0,25,90,48
ст3,0,20,230,60
ст3,0,25,195,110
ст3,0,25,180,110
ст3,0,14,210,125
ст3,0,25,80,40
ст3,0,12,680,360
ст3,0,12,570,470
В95,0,8,70,30
В95,0,8,70,30
В95,12,0,6,0
В95,0,20,38,28
В95,0,15,55,16
В95,0,8,50,25
В95,0,8,35,20
В95,0,8,70,30
S355NL,90,0,22,0
S355NL,90,0,22,0
Д16 Т,0,45,240,200
ЛС59-1,30,0,75,0
304L,35,0,43,0
304L,40,0,10,0
304L,0,50,110,85
ЛС59-1,30,0,75,0
304L,35,0,43,0
304L,40,0,10,0
304L,0,50,110,80
Сталь 45,56,0,20,0
Сталь 45,0,12,130,35
Сталь 45,55,0,30,0
Ст3,35,0,28,0
"2017A, 2024",50,0,30,0
"2017A, 2024",50,0,75,0
PTFE,25,20,45,45
"2017A, 2024",50,0,20,0
PTFE,25,20,40,40
316 L,40,0,5,0
PA-6,20,0,11,0
DELRIN NOIR,35,0,8,0
Laiton (латунь),6,0,21,0
PA-6,6,0,24,0
ЛС59-1,120,0,90,0
ЛС59-1,20,0,54,0
12Х18Н10Т,20,0,62,0
12Х18Н10Т,14,0,7,0
ЛС59-1,12,0,10,0
ЛС59-1,4,0,8,0
ЛС59-1,30,0,55,0
ЛС59-1,30,0,25,0
12Х18Н10Т,32,0,66,0
12Х18Н10Т,20,0,17,0
12Х18Н10Т,18,0,60,0
12Х18Н10Т,12,0,21,0
ЛС59-1,8,0,13,0
ЛС59-1,35,0,14,0
95Х18,15,0,26.0,0
В95,0,25,40.0,35
40Х,6,0,50.0,0
40Х,18,0,20.0,0
В95,0,10,70.0,40
40,2,0,24.0,0
В95,0,6,70.0,40
В95,16,0,8.5,0
В95,0,30,115.0,58
В95,0,12,48.0,48
ЛС59-1,6,0,8.0,0
В95,0,15,105.0,60
В95,22,0,11.0,0
POM,0,12,55.0,45
95Х18,25,0,10.0,0
40Х,10,0,33.0,0
D16T,65,0,18,0
D16T,20,0,20,0
Полиамид ПА6-МВ,60,0,115,0
OVAKO 280 (20MnV6),81.5,0,62.5,0
Bohler N709 (1.4534.4),0.0,10,50.0,15
1.4301 (X5CrNi18-10),12.0,0,7.0,0
1.2312 (40CrMnMoS6-8),50.0,0,20.0,0
1.8519 (31CrMoV9),70.0,0,9.0,0
RG7 (GC-CuSn7ZnPb),14.0,0,12.0,0
EN AW-7475-T7351,160.0,0,30.0,0
EN AW-7475-T7351,0.0,10,125.0,25
EN AW-7475-T7351,0.0,10,125.0,25
EN AW-7475-T7351,0.0,20,110.0,60
EN AW-7475-T7351,0.0,20,90.0,55
EN AW-7075-T7351,130.0,0,15.0,0
EN AW-7075-T7351,160.0,0,7.0,0
EN AW-7075-T7351,160.0,0,7.0,0
EN AW-7075-T7351,110.0,0,15.0,0
EN AW-7075-T7351,50.0,0,71.0,0
EN AW-7475-T7351,0.0,35,140.0,50
EN AW-7475-T7351,0.0,20,50.0,30
EN AW-7475-T7351,0.0,10,70.0,30
EN AW-7075-T7351,30.0,0,33.0,0
OVAKO 280 (20MnV6),81.5,0,62.5,0
Bohler N709 (1.4534.4),0.0,10,50.0,15
1.4301 (X5CrNi18-10),12.0,0,7.0,0
1.2312 (40CrMnMoS6-8),50.0,0,20.0,0
1.8519 (31CrMoV9),70.0,0,9.0,0
RG7 (GC-CuSn7ZnPb),14.0,0,12.0,0
EN AW-7475-T7351,160.0,0,30.0,0
EN AW-7475-T7351,0.0,10,125.0,25
EN AW-7475-T7351,0.0,10,125.0,25
EN AW-7475-T7351,0.0,20,110.0,60
EN AW-7475-T7351,0.0,20,90.0,55
EN AW-7075-T7351,130.0,0,15.0,0
EN AW-7075-T7351,160.0,0,7.0,0
EN AW-7075-T7351,160.0,0,7.0,0
EN AW-7075-T7351,110.0,0,15.0,0
EN AW-7075-T7351,50.0,0,71.0,0
EN AW-7475-T7351,0.0,35,140.0,50
EN AW-7475-T7351,0.0,20,50.0,30
EN AW-7475-T7351,0.0,10,70.0,30
EN AW-7075-T7351,30.0,0,33.0,0
Bohler N709 (1.4534.4),14,0,10.0,0
09Г2С,85,0,7.5,0
Bohler N709 (1.4534.4),0,5,50.0,20
1.4301 (X5CrNi18-10),12,0,7.0,0
Bohler N709 (1.4534.4),40,0,87.0,0
1.2312 (40CrMnMoS6-8),0,16,50.0,40
1.8519 (31CrMoV9),70,0,9.0,0
RG7 (GC-CuSn7ZnPb),14,0,12.0,0
EN AW-7475-T7351,160,0,32.0,0
EN AW-7475-T7351,0,25,155.0,135
EN AW-7475-T7351,0,25,155.0,135
EN AW-7475-T7351,0,6,130.0,35
EN AW-7475-T7351,0,6,130.0,35
EN AW-7475-T7351,0,16,115.0,60
EN AW-7475-T7351,0,16,95.0,60
EN AW-7475-T7351,0,16,100.0,60
EN AW-7075-T7351,130,0,15.0,0
EN AW-7075-T7351,160,0,7.0,0
EN AW-7475-T7351,140,0,46.0,0
EN AW-7475-T7351,110,0,32.0,0
EN AW-7075-T7351,160,0,7.0,0
EN AW-7075-T7351,110,0,15.0,0
EN AW-7075-T7351,55,0,155.0,0
EN AW-7075-T7351,50,0,71.0,0
EN AW-7475-T7351,0,30,155.0,50
EN AW-7475-T7351,0,16,50.0,30
EN AW-7475-T7351,0,6,75.0,40
EN AW-7475-T7351,120,0,32.0,0
EN AW-7475-T7351,26,0,33.0,0
Bohler N709 (1.4534.4),14,0,10.0,0
09Г2С,85,0,7.5,0
Bohler N709 (1.4534.4),0,5,50.0,20
1.4301 (X5CrNi18-10),12,0,7.0,0
Bohler N709 (1.4534.4),40,0,87.0,0
1.2312 (40CrMnMoS6-8),0,16,50.0,40
1.8519 (31CrMoV9),70,0,9.0,0
RG7 (GC-CuSn7ZnPb),14,0,12.0,0
EN AW-7475-T7351,160,0,32.0,0
EN AW-7475-T7351,0,25,155.0,135
EN AW-7475-T7351,0,25,155.0,135
EN AW-7475-T7351,0,6,130.0,35
EN AW-7475-T7351,0,6,130.0,35
EN AW-7475-T7351,0,16,115.0,60
EN AW-7475-T7351,0,16,95.0,60
EN AW-7475-T7351,0,16,100.0,60
EN AW-7075-T7351,130,0,15.0,0
EN AW-7075-T7351,160,0,7.0,0
EN AW-7475-T7351,140,0,46.0,0
EN AW-7475-T7351,110,0,32.0,0
EN AW-7075-T7351,160,0,7.0,0
EN AW-7075-T7351,110,0,15.0,0
EN AW-7075-T7351,55,0,155.0,0
EN AW-7075-T7351,50,0,71.0,0
EN AW-7475-T7351,0,30,155.0,50
EN AW-7475-T7351,0,16,50.0,30
EN AW-7475-T7351,0,6,75.0,40
EN AW-7475-T7351,120,0,32.0,0
EN AW-7475-T7351,26,0,33.0,0
Ст10,38,0,25,0
Ст10,38,0,25,0
Ст10,38,0,25,0
Ст45,35,0,28,0
С3710,35,0,60,0
Д16АТ,0,16,48,48
Д16Т,55,0,110,0
A40S,0,0,0,0
D40S,0,0,0,0
D40S,0,0,0,0
D40S,0,0,0,0
D40S,0,0,0,0
D40S,0,0,0,0
D40S,0,0,0,0
D40S,0,0,0,0
D40S,0,0,0,0
УГЭТ,0,0,0,0
14Х17Н2,0,0,0,0
14Х17Н2,0,0,0,0
ТМКЩ,0,0,0,0
14Х17Н2,35,0,90,0
ВТ1-00,0,0,0,0
СТЭФ 1с,0,0,0,0
09ХН2МД,0,0,0,0
ПА-6,0,0,0,0
"БрОФ6,5-0,15",0,0,0,0
АБ2-2,0,0,0,0
АБ2-1,0,0,0,0
АБ2-1,0,0,0,0
АБ2-1,0,0,0,0
АБ2-1,0,0,0,0
АБ2-1,0,0,0,0
АБ2-1,0,0,0,0
АБ2-1,0,0,0,0
АБ2-1,0,0,0,0
АБ2-1,0,0,0,0
АБ2-1,0,0,0,0
АБ2-1,0,0,0,0
АБ2-1,0,0,0,0
АБ2-1,0,0,0,0
АБ2-1,0,0,0,0
АБ2-1,0,0,0,0
АБ2-1,0,0,0,0
АБ2-1,0,0,0,0
08Х18Н10Т,0,0,0,0
08Х18Н10Т,0,0,0,0
14Х17Н2,35,0,80,0
14Х17Н2,45,0,145,0
АБ2-2,0,0,0,0
D40S,0,0,0,0
D40S,0,0,0,0
АБ2-2,0,0,0,0
АБ2-2,0,0,0,0
УГЭТ,0,0,0,0
УГЭТ,0,0,0,0
D40S,0,0,0,0
D40S,0,0,0,0
D40S,0,0,0,0
D40S,0,0,0,0
УГЭТ,0,0,0,0
10ХН3МД,0,0,0,0
D40S,0,0,0,0
D40S,0,0,0,0
D40S,0,0,0,0
D40S,0,0,0,0
D40S,0,0,0,0
УГЭТ,0,0,0,0
14Х17Н2,0,0,0,0
09ХН2,0,0,0,0
УГЭТ,0,0,0,0
14Х17Н2,35,0,90,0
38ХН3МФА,0,0,0,0
СТЭФ1с,0,0,0,0
АБ2-1,0,0,0,0
10ХН3МД,0,0,0,0
БрАЖНМц-9-4-4-1,0,0,0,0
"БрОФ6,5-0,15",0,0,0,0
ПА-6,0,0,0,0
ПА-6,0,0,0,0
прессматериал АГ-4С,0,0,0,0
СТЭФ1с,0,0,0,0
АБ2-2,0,0,0,0
АБ2-1,0,0,0,0
АБ2-1,0,0,0,0
АБ2-1,0,0,0,0
АБ2-1,0,0,0,0
АБ2-1,0,0,0,0
АБ2-1,0,0,0,0
АБ2-1,0,0,0,0
АБ2,0,0,0,0
08Х18Н10Т,0,0,0,0
08Х18Н10Т,0,0,0,0
08Х18Н10Т,0,0,0,0
08Х18Н10Т,0,0,0,0
08Х18Н10Т,0,0,0,0
09ХН2,0,0,0,0
УГЭТ,0,0,0,0
14Х17Н2,35,0,90,0
38ХН3МФА,0,0,0,0
СТЭФ1с,0,0,0,0
АБ2-1,0,0,0,0
10ХН3МД,0,0,0,0
ПА-6,0,0,0,0
"БрОФ6,5-0,15",0,0,0,0
ПА-6,0,0,0,0
ПА-6,0,0,0,0
прессматериал АГ-4С,0,0,0,0
СТЭФ1с,0,0,0,0
АБ2-2,0,0,0,0
АБ2-1,0,0,0,0
АБ2-1,0,0,0,0
АБ2-1,0,0,0,0
АБ2-1,0,0,0,0
АБ2-1,0,0,0,0
АБ2-1,0,0,0,0
АБ2-1,0,0,0,0
АБ2-1,0,0,0,0
АБ2-2,0,0,0,0
08Х18Н10Т,0,0,0,0
08Х18Н10Т,0,0,0,0
08Х18Н10Т,0,0,0,0
08Х18Н10Т,0,0,0,0
08Х18Н10Т,0,0,0,0
08Х18Н10Т,0,0,0,0
08Х18Н10Т,0,0,0,0
08Х18Н10Т,0,0,0,0
08Х18Н10Т,40,0,80,0
08Х18Н10Т,0,0,0,0
ТМКЩ,0,0,0,0
ТМКЩ,0,0,0,0
БрАЖНМц9-4-4-1,0,0,0,0
40Х,0,0,0,0
35,0,0,0,0
20,0,0,0,0
БрАЖНМц9-4-4-1,0,0,0,0
БрАЖНМц9-4-4-1,0,0,0,0
БрАЖНМц9-4-4-1,0,0,0,0
14Х17Н2,0,0,0,0
БрАЖНМц9-4-4-1,0,0,0,0
40Х,20,0,68,0
БрАЖНМц9-4-4-1,0,0,0,0
Д16Т,0,35,210,100
Д16Т,0,35,210,102
Д16Т,0,10,170,95
ПА-6,0,10,95,90
B95,0,30,90,90
B95,0,25,93,83
40Х,4,0,40,0
B95,0,12,42,18
B95,0,30,85,85
B95,0,25,90,80
40Х,4,0,38,0
B95,0,30,90,90
B95,110,0,27,0
B95,0,12,50,50
B95,120,0,35,0
B95,0,25,93,83
40Х,4,0,40,0
B95,0,12,42,18
B95,0,30,85,85
B95,0,25,90,80
40Х,4,0,38,0
B95,120,0,35,0
B95,110,0,27,0
B95,0,12,50,50
ЛС59-1,8,0,35,0
Эрталайт черный,16,0,20,0
Д16,0,50,175,140
Д16,0,50,175,140
Д16,0,50,175,110
Д16,0,50,175,110
Д16,0,40,335,85
Д16,0,40,335,85
Д16,0,40,270,130
Д16,0,40,270,130
Д16,0,40,510,145
Д16,0,40,510,145
Д16,0,130,240,240
Д16,0,130,240,240
Д16,350,0,250,0
Д16,350,0,250,0
Д16,0,90,270,250
Д16,0,90,270,250
Д16,0,80,270,100
Д16,0,80,270,100
Д16,0,90,270,80
Д16,0,90,270,80
Д16,300,0,250,0
Д16,300,0,250,0
Д16,0,100,230,190
Д16,0,100,230,190
Д16,0,80,230,190
Д16,0,80,230,190
65Г,1.6,0,10000,0
Д16,0,50,170,50
Д16,0,50,170,50
Д16,0,100,250,235
Д16,0,100,250,235
Д16,0,80,245,235
Д16,0,80,245,235
Д16,350,0,490,0
Д16,350,0,490,0
Д16,0,100,490,190
Д16,0,100,490,190
Д16,0,80,490,190
Д16,0,80,490,190
Д16,0,40,205,60
Д16,0,40,205,60
Д16,0,60,205,140
Д16,0,60,205,140
Д16,0,60,205,110
Д16,0,60,205,110
Д16,0,60,335,85
Д16,0,60,335,85
Д16,0,55,270,130
Д16,0,55,270,130
Д16,0,55,500,150
Д16,0,55,500,150
Д16,0,55,240,240
Д16,0,55,240,240
Сталь 45,65,0,13,0
Д16Т,125,0,31,0
Д16,0,20,190,130
12Х18Н10Т,10,0,19,0
12Х18Н10Т,10,0,22,0
12Х18Н10Т,10,0,24,0
Д16,65,0,10,0
Д16,0,20,290,205
д16,0,70,175,150
д16,0,20,175,150
Сталь 45,260,0,52,0
95Х18,8,0,26,0
д16 т,0,45,130,92
д16 т,50,0,26,0
д16т,65,0,25,0
д16,0,40,115,85
Сталь 45,0,10,90,60
Сталь 10,0,2,260,85
д16 т,0,40,130,95
Сталь 45,0,8,70,60
45,22,0,20,0
95Х18,10,0,18,0
д16Т,0,16,90,45
А75,4.5,0,26,0
Сталь 45,8.0,0,19,0
Сталь 45,8.0,0,12,0
А12,8.0,0,20,0
Сталь 45,0.0,10,65,20
95Х18,4.0,0,10,0
ПА6,0.0,20,45,20
У8А,10.0,0,21,0
 Сталь 10,0.0,1,55,35
Сталь 20,0.0,25,90,30
Сталь 45,36.0,0,195,0
Сталь 45,80.0,0,25,0
Сталь 45,80.0,0,30,0
Сталь 45,75.0,0,11,0
Сталь 45,20.0,0,16,0
Сталь 45,0.0,10,20,20
Сталь 45,160.0,0,27,0
д16,50.0,0,48,0
Сталь 45,210.0,0,28,0
У8А,10.0,0,21,0
Д16Т,50.0,0,42,0
09Г2Д,0,12,400,360
09Г2Д,0,12,410,365
АМг6,0,30,178,155
АМг6,0,30,178,155
М1,0,10,715,155
SUS 304,80,0,28,0
C1720,12,0,62,0
PTFE,15,0,15,0
Asbestos rubber XB200,10,0,12,0
Asbestos rubber XB201,10,0,12,0
C1720,10,0,10,0
SUS 304,16,0,25,0
SUS 304,8,0,25,0
Д16,0,55,660,170
Д16,0,55,660,170
Д16,0,55,260,160
Д16,0,55,260,160
Д16,0,45,125,55
Д16,0,45,125,55
Д16,0,40,130,55
Д16,0,40,130,55
Д16,0,20,130,55
Д16,0,160,560,225
Д16,0,160,560,225
Д16,0,45,660,170
Д16,0,45,660,170
Д16,0,45,315,90
Д16,0,45,315,90
Д16,0,45,260,160
Д16,0,45,260,160
Д16,0,45,125,50
Д16,0,45,125,50
Д16,0,40,140,55
Д16,0,30,260,120
Д16,0,30,250,120
Д16,0,60,270,190
Д16,0,60,280,270
Д16,0,60,280,270
Д16,0,60,270,170
Д16,0,20,260,70
Д16,0,60,270,170
Д16,0,20,260,70
Д16,0,20,260,70
Д16,0,20,260,70
Д16,0,60,270,160
Д16,0,60,270,160
Д16,0,60,280,270
Д16,0,60,280,270
Д16,0,60,270,170
Д16,0,20,260,70
Д16,0,60,270,170
Д16,0,20,260,70
Д16,0,60,270,125
Д16,0,60,270,125
Д16,0,60,280,270
Д16,0,60,280,270
Д16,0,60,270,200
Д16,0,50,195,190
Д16,0,50,195,190
Д16,0,50,145,90
Д16,0,50,145,90
Д16,0,40,140,55
Д16,0,20,140,55
Д16,0,20,140,55
Д16,0,50,130,92
Д16,0,30,260,120
Д16,0,30,260,120
Д16,0,25,75,30
Д16,0,30,120,85
Д16,0,25,85,85
Д16,0,12,85,30
Д16,0,25,95,85
Д16,0,25,85,85
Д16,0,30,120,85
Д16,0,25,85,85
Д16,0,12,85,30
Д16,0,25,95,85
Д16,0,25,85,85
Д16,0,30,85,60
Д16,0,20,40,30
Д16,0,15,55,30
Д16,0,20,40,30
Д16,0,25,55,35
Д16,0,30,85,60
Д16,0,20,40,30
Д16,0,15,55,30
Д16,0,20,40,30
Д16,0,25,55,35
Д16,0,90,240,130
Д16,0,90,240,130
Д16,0,90,275,120
Д16,0,90,275,120
Д16,0,90,170,120
Д16,0,25,120,85
Д16,0,90,170,120
Д16,0,25,120,85
Д16,0,60,270,220
Д16,0,60,270,220
Д16,0,60,280,270
Д16,0,60,280,270
Д16,0,60,270,170
Д16,0,20,260,70
Д16,0,60,270,170
Д16,0,20,260,70
Д16,0,60,270,190
SUS 420 J2,12,0,175,0
A6061T6,0,5,80,20
A6061T6,18,0,175,0
S 10 C,10,0,21,0
A6061T6,55,0,55,0
A6061T6,18,0,10,0
С1220,0,8.0,135,40
SUS 304,0,0.1,10,10
C1720,25,0.0,11,0
C1720,25,0.0,10,0
C1720,50,0.0,10,0
C1720,25,0.0,10,0
C1220,0,0.1,40,15
"Ti-5Al-2,5Sn",0,6.0,42,20
"Ti-5Al-2,5Sn",0,6.0,42,20
"Ti-5Al-2,5Sn",0,6.0,32,20
"Ti-5Al-2,5Sn",0,6.0,35,20
C1220,0,8.0,40,25
ЛС59-1,8.0,0,12,0
Д16,0.0,6,70,45
 Уголок  ст3,40.0,0,52,0
ЛС59-1,35.0,0,31,0
45,25.0,0,17,0
Л63,18.0,0,16,0
"БрОФ 6,5-0,15",18.0,0,39,0
Д16Т,50.0,0,230,0
20,8.0,0,7,0
Д16,30.0,0,10,0
20,20.0,0,12,0
45,8.0,0,31,0
20,8.0,0,18,0
45,26.0,0,28,0
45,18.0,0,45,0
45,0.0,10,32,18
45,14.0,0,115,0
Д16,12.0,0,85,0
45,30.0,0,26,0
проволока,0.5,0,250,0
проволока,0.6,0,150,0
БрАж9-4,45.0,0,14,0
45,25.0,0,11,0
Д16Т,0.0,10,32,30
Л63,22.0,0,27,0
25Х13Н2,10.0,0,28,0
45,6.0,0,13,0
45,10.0,0,23,0
20,8.0,0,9,0
ЛС59-1,6.0,0,10,0
Д16Т,50.0,0,10,0
45,20.0,0,11,0
40Х13,50.0,0,9,0
Д16Т,35.0,0,31,0
45,0.0,5,25,20
25Х13Н2,12.0,0,23,0
45,40.0,0,15,0
Д16,50.0,0,15,0
ВТ1-0,30.0,0,31,0
45,15.0,0,28,0
Д16,55.0,0,8,0
45,16.0,0,19,0
20,8.0,0,16,0
20,8.0,0,16,0
45,15.0,0,25,0
45,25.0,0,80,0
45,8.0,0,30,0
40Х,6.0,0,17,0
Д16Т,30.0,0,15,0
А12,12.0,0,10,0
ВТ1-0,0.0,14,50,50
Д16Т,30.0,0,15,0
40Х,38.0,0,17,0
40Х,30.0,0,22,0
40Х,35.0,0,22,0
БрАЖ9-4,45.0,0,9,0
Д16Т,25.0,0,9,0
45,30.0,0,62,0
45,20.0,0,192,0
45,0.0,6,38,20
45,25.0,0,27,0
45,70.0,0,14,0
45,10.0,0,8,0
45,6.0,0,12,0
20,20.0,0,9,0
45,6.0,0,19,0
20,6.0,0,48,0
45,18.0,0,16,0
30ХГСА,8.0,0,20,0
20,28.0,0,8,0
45,25.0,0,25,0
Д16Т,35.0,0,26,0
45,30.0,0,18,0
20,6.0,0,12,0
45,18.0,0,14,0
45,12.0,0,22,0
45,16.0,0,11,0
проволока,0.5,0,200,0
20,0.0,12,20,20
20,25.0,0,12,0
45,12.0,0,103,0
45,28.0,0,59,0
40Х,10.0,0,38,0
45,8.0,0,37,0
45,8.0,0,36,0
40Х,10.0,0,12,0
45,38.0,0,17,0
12Х18Н9Т,20,0,55,0
12Х18Н10Т,8,0,20,0
ЛС59-1,150,0,80,0
ЛС59-1,150,0,55,0
S 10 C,0,6,88,24
Д16Т,0.0,60,70,70
Д16Т,0.0,50,100,85
40Х13,0.0,12,220,60
Д16Т,0.0,20,185,95
40Х13,0.0,10,110,52
40Х13,100.0,0,23,0
Д16Т,0.0,20,150,70
Д16Т,0.0,20,150,70
проволока,0.9,0,23,0
12Х18Н10Т,0.0,15,70,20
12Х18Н10Т,0.0,15,70,20
Д16Т,0.0,60,200,85
45,0.0,6,65,60
Труба Д16Т 52х10,52.0,0,390,0
Д16Т,0.0,20,90,30
Д16Т,0.0,70,140,80
ВТ1-0,8.0,0,25,0
ВТ1-0,12.0,0,24,0
Д16Т,0.0,12,60,60
20,0.0,6,20,12
20,6.0,0,21,0
Д16Т,0.0,12,75,75
Д16Т,30.0,0,10,0
Д16Т,45.0,0,12,0
Д16Т,35.0,0,9,0
40Х13,4.0,0,410,0
40Х13,10.0,0,62,0
40Х,50.0,0,6,0
проволока,1.0,0,300,0
проволока,0.5,0,100,0
проволока,0.6,0,200,0
Труба Д16Т 25х5,25.0,0,370,0
Д16Т,30.0,0,7,0
Д16Т,30.0,0,8,0
Д16Т,12.0,0,7,0
Д16Т,35.0,0,6,0
40Х13,45.0,0,22,0
45,36.0,0,7,0
40Х,24.0,0,18,0
40Х,24.0,0,19,0
12Х18Н10Т,0.0,3,40,26
12Х18Н10Т,0.0,3,40,30
ЛС59-1,0.0,6,40,30
ЛС59-1,0.0,6,40,35
Д16,0.0,15,125,105
40Х13,15.0,0,8,0
Д16,18.0,0,8,0
Д16,0.0,70,115,90
Д16Т,55.0,0,48,0
Д16Т,50.0,0,31,0
Д16Т,50.0,0,17,0
Д16Т,35.0,0,14,0
Д16Т,70.0,0,49,0
Д16Т,60.0,0,31,0
ВТ1-0,0.0,30,70,65
А12,15.0,0,10,0
Д16Т,15.0,0,8,0
40Х13,12.0,0,7,0
Д16Б,0.0,50,175,105
Д16Б,0.0,15,205,100
Д16Б,0.0,18,225,190
Д16Б,0.0,18,190,110
Д16Т,110.0,0,25,0
Д16Б,0.0,15,175,100
Сталь 20,8.0,0,15,0
Сталь 45,8.0,0,15,0
Сталь 45,8.0,0,17,0
Сталь 45,25.0,0,35,0
Сталь 45,8.0,0,30,0
Сталь 45,16.0,0,25,0
40Х13,15.0,0,20,0
40Х13,12.0,0,11,0
Сталь 20,0.0,0,0,0
Сталь 45,0.0,4,58,38
Сталь 45,5.0,0,21,0
Д16Т,5.0,0,11,0
Д16Т,5.0,0,13,0
Д16Т,5.0,0,15,0
20Х13 (40Х13),5.0,0,13,0
20Х13 (40Х13),5.0,0,15,0
Сталь 45,6.0,0,50,0
Д16Т,18.0,0,10,0
40Х13,8.0,0,20,0
В95Т1,0.0,50,85,60
Сталь 45,0.0,8,25,20
Сталь 45,0.0,10,38,22
Сталь 45,0.0,16,60,25
Д16Т,10.0,0,65,0
Д16Т,10.0,0,70,0
Д16Т,10.0,0,38,0
Д16Т,10.0,0,35,0
Д16Т,10.0,0,30,0
Сталь 20,20.0,0,35,0
Сталь 20,32.0,0,20,0
Сталь 45,12.0,0,10,0
40Х13,16.0,0,25,0
20Х13 (40Х13),20.0,0,15,0
20Х13 (40Х13),12.0,0,15,0
20Х13 (40Х13),14.0,0,16,0
40Х13,20.0,0,12,0
12Х18Н10Т,10.0,0,16,0
Сталь 45,40.0,0,12,0
В95Т1,65.0,0,11,0
Д16Т,80.0,0,20,0
В95Т1,75.0,0,10,0
Сталь 45,35.0,0,10,0
В95Т1,70.0,0,10,0
Сталь 45,70.0,0,7,0
Сталь 45,0.0,3,58,52
Сталь 45,30.0,0,6,0
Сталь 20,0.0,4,150,140
Сталь 20 ,0.0,4,75,25
АМг2М (АМцМ),0.0,10,170,100
Д16Т,30.0,0,40,0
В95Т1,60.0,0,30,0
В95Т1,40.0,0,20,0
В95Т1,75.0,0,32,0
В95Т1,40.0,0,40,0
В95Т1,60.0,0,65,0
В95Т1,50.0,0,20,0
Д16Т,30.0,0,15,0
А12 (А20),3.5,0,8,0
Д16Т,8.0,0,10,0
Д16Т,150,0,140,0
Д16Т,6,0,25,0
Д16Т,0,60,665,90
Д16Т,0,60,545,105
30ХГСА,30,0,21,0
30ХГСА,24,0,19,0
30ХГСА,18,0,183,0
30ХГСА,18,0,43,0
30ХГСА,18,0,43,0
30ХГСА,18,0,38,0
30ХГСА,18,0,6,0
Д16Т,0,60,665,100
Д16Т,0,60,545,60
30ХГСА,18,0,19,0
30ХГСА,24,0,19,0
30ХГСА,18,0,123,0
Д16Т,0,60,665,90
Д16Т,0,60,545,105
Д16Т,0,60,665,100
Д16Т,0,60,545,60
Д16Т,0,110,920,350
30ХГСА,40,0,28,0
30ХГСА,18,0,25,0
30ХГСА,18,0,52,0
ст3,0,5,40,16
30ХГСА,18,0,52,0
Д16Т,0,140,920,150
30ХГСА,20,0,21,0
30ХГСА,20,0,187,0
Д16Т,0,140,920,150
Д16Т,0,45,290,145
Д16Т,0,45,290,60
Д16Т,0,45,240,60
Д16Т,0,45,240,50
Д16Т,0,45,560,50
Д16Т,0,45,560,50
Д16Т,0,45,560,50
Д16Т,0,45,560,50
20,0,0,0,0
12Х18Н10Т,0,0,0,0
ВТ1-0,0,90,820,820
ВТ1-0,0,60,860,860
ВТ1-0,0,90,820,820
ВТ1-0,0,60,860,860
Д16,0,100,315,155
Д16,0,80,225,155
Д16,0,80,95,85
SUS 304,120,0,65,0
A6061T6,85,0,20,0
SUS 304,10,0,30,0
SUS 420 J2,30,0,20,0
SUS 304,25,0,10,0
SUS 304,150,0,80,0
A6061T6,0,4,270,70
SUS 304,16,0,25,0
SUS 304,0,5,640,640
SUS 304,0,3,1030,700
S 10 C,0,3,250,70
Laiton HR CuZn23Al4,12,0,110,0
PETP blanc (DELRIN White),15,0,25,0
"316L (1,4404 )",30,0,100,0
"316L (1,4404 )",35,0,15,0
Bronze UE9P ETIRE (CuSn8P),40,0,30,0
"316L (1,4404 )",40,0,185,0
"316L (1,4404 )",40,0,150,0
"316L (1,4404 )",35,0,20,0
Laiton ,30,0,50,0
PTFE,15,0,10,0
Laiton,15,0,35,0
Laiton HR CuZn23Al4,20,0,35,0
"316L (1,4404 )",55,0,60,0
INOX,30,0,20,0
PEND1000,25,0,25,0
PEND1000,25,0,10,0
INOX,75,0,85,0
"316L (1,4404 )",38,0,70,0
20.0,160,0,60,0
20.0,250,0,60,0
12Х18Н10Т,105,0,20,0
12Х18Н10Т,105,0,22,0
AW6082T651,0,80,238,130
AW6082T651,0,55,580,345
AW6082T6,0,8,690,610
AW6082T651,0,25,688,350
AW6082T651,0,100,610,145
AW6082T651,0,150,295,160
AW6082T651,0,15,450,140
AW6082T6,150,0,130,0
AW6082T651,0,80,135,95
AW6082T651,0,90,1080,165
AW5754 H111,0,6,740,122
AW5754 H111,0,6,495,285
AW5754 H14,0,6,365,355
AW6082T6,250,0,55,0
AW6082T651,0,130,235,230
AW6082T6,0,8,420,155
AW6082T651,0,55,1125,140
AW6082T651,0,40,830,30
AW6082T651,0,40,755,35
AW6082T651,0,110,810,440
AW6082T6,0,8,620,58
AW6082T651,0,35,210,88
AW6082T651,0,20,340,58
AW6082T651,0,55,365,365
AW6082T6,0,20,430,145
AW6082T6,0,8,220,160
AW6082T651,0,25,365,365
AW6082T651,0,16,740,190
AW6082T651,0,16,740,185
AW6082T651,0,16,740,185
AW6082T651,0,40,188,170
AW6082T651,0,150,715,510
AW6082T651,0,65,115,110
AW6082T6,0,12,210,100
AW6082T651,0,25,300,220
AW6082T651,0,35,145,110
AW6082T651,0,50,880,310
AW6082T651,0,55,1250,535
AW5754 H14,0,15,445,30
AW5754 H14,0,15,210,30
AW5754 H12,0,45,240,110
AW6082T6,35,0,25,0
AW6082T651,0,80,238,130
AW6082T651,0,55,580,345
AW6082T6,0,10,690,610
AW6082T651,0,25,688,350
AW6082T651,0,100,610,145
AW6082T651,0,150,295,160
AW6082T651,0,15,450,140
AW6082T6,150,0,130,0
AW6082T651,0,80,135,95
AW6082T651,0,90,1080,165
AW5754 H111,0,6,740,122
AW5754 H111,0,6,495,285
AW5754 H14,0,6,365,355
AW6082T6,250,0,55,0
AW6082T651,0,130,235,230
AW6082T6,0,8,420,155
AW6082T651,0,55,1125,140
AW6082T651,0,40,830,30
AW6082T651,0,40,755,35
AW6082T651,0,110,810,440
AW6082T6,0,8,620,58
AW6082T651,0,35,210,88
AW6082T651,0,20,340,58
AW6082T651,0,55,365,365
AW6082T6,0,25,395,145
AW6082T6,0,8,220,160
AW6082T651,0,30,365,365
AW6082T651,0,20,740,190
AW6082T651,0,20,740,185
AW6082T651,0,20,740,185
AW6082T651,0,40,188,170
AW6082T651,0,150,715,510
AW6082T651,0,65,115,110
AW6082T6,0,12,210,100
AW6082T651,0,25,300,220
AW6082T651,0,35,145,110
AW6082T651,0,50,880,310
AW6082T651,0,55,1250,535
AW5754 H14,0,15,445,30
AW5754 H14,0,15,210,30
AW5754 H12,0,45,240,110
AW6082T6,35,0,25,0
Д16Т,90,0,40,0
Д16Т,55,0,28,0
Д16Т,50,0,11,0
Д16АТ,0,6,240,38
Д16Т,90,0,40,0
Д16Т,0,12,85,85
Д16Т,70,0,20,0
Д16Т,65,0,70,0
Д16Т,45,0,15,0
Ф-4,30,0,13,0
Д16Т,130,0,100,0
Д16Т,0,8,32,22
Д16Т,0,40,85,85
Д16Т,65,0,98,0
Д16Т,35,0,30,0
Д16Т,35,0,9,0
Д16Т,40,0,10,0
Д16Т,30,0,13,0
Д16Т,40,0,7,0
AU4G,25,0,13,0
AU4G,0,6,45,40
AU4G,85,0,50,0
AU4G,0,1,220,45
AU4G,75,0,11,0
AU4G,75,0,11,0
INOX,16,0,22,0
INOX,16,0,20,0
DELRIN NOIR,0,8,10,40
DELRIN NOIR,0,8,60,60
INOX316L,16,0,15,0
DELRIN NOIRE,0,6,85,85
INOX,16,0,25,0
DELRIN NOIRE,0,6,45,40
INOX,6,0,41,0
AU4G,0,20,28,28
AU4G,0,6,110,80
AU4G,85,0,23,0
AU4G,0,20,85,65
AU4G,0,12,85,47
AU4G,50,0,14,0
AU4G,0,10,110,80
A6061T6 (Амг),0,12,300,300
A6061T6(Амг),0,2,250,250
S 10 C,0,6,80,30
SUS 420 J2,15,0,30,0
C3710,16,0,20,0
S 10 C,0,20,45,35
TRA-0128988 Spur Gear GEAHBG1.5-120-15-A-45,0,0,0,0
Д16Т,0,40,100,50
Д16Т,0,50,50,60
Д16Т,55,0,68,0
25Х13Н2,55,0,55,0
25Х13Н2,45,0,57,0
SUS 420 J2,40,0.0,21,0
SUS 304,0,10.0,1310,80
SUS 304,70,0.0,51,0
SUS 304,0,30.0,155,50
SUS 304,45,0.0,30,0
A6061T6,0,16.0,190,57
TRA-0132160 Pulley AL32 AT5/27-2 bore=10mm,0,0.0,0,0
SUS 304,20,0.0,65,0
A6061T6,65,0.0,40,0
SUS 304,0,20.0,108,68
SUS 304,20,0.0,60,0
SUS 304,10,0.0,75,0
SUS 420 J2,25,0.0,160,0
SUS 420 J2,16,0.0,75,0
SUS 304,20,0.0,11,0
SUS 304,20,0.0,10,0
SUS 420 J2,25,0.0,130,0
SUS 304,100,0.0,110,0
SUS 304,100,0.0,110,0
SUS 304,75,0.0,130,0
SUS 420 J2,18,0.0,160,0
SUS 420 J2,40,0.0,21,0
SUS 304,100,0.0,110,0
SUS 304,100,0.0,110,0
A6061T6,150,0.0,60,0
SUS 304,0,10.0,200,60
SUS 304,0,10.0,135,70
SUS 304,0,0.1,90,40
SUS 304,0,0.2,90,40
SUS 304,20,0.0,10,0
A6061T6,85,0.0,45,0
SUS 304,16,0.0,8,0
A6061T6,0,45.0,1445,110
D16T,6,0,15,0
D16T,6,0,15,0
D16T,6,0,10,0
D16T,6,0,10,0
Д16 Т,0,0,0,0
ЛС 59,15,0,55,0
Ст.8,20,0,8,0
Сталь со специальной отделкой поверхности 4-б-3-А75 ,4,0,5.0,0
Сталь 45,50,0,42.0,0
ЛС59-1,30,0,60.0,0
ЛС 59-1,0,20,35.0,35
95Х18,36,0,75.0,0
Д16,0,30,40.0,35
ЛС 59-1,0,30,50.0,35
Д16,0,8,90.0,50
Д16,0,8,90.0,50
Сталь 45,0,8,35.0,20
Д16,0,16,58.0,44
Д16,0,25,83.0,59
Сталь 45,0,12,67.0,29
95Х18,53,0,10.0,0
Сталь 45,0,25,54.0,44
Сталь 45,60,0,10.0,0
Д16,0,20,53.0,49
ВТ1-0,25,0,12.5,0
Д16,0,16,26.0,29
Сталь 45,0,10,95.0,45
Сталь 40 Х,0,5,101.0,19
12Х18H10T,0,2,55.0,55
12Х18H10T,0,2,60.0,55
Д16,30,0,15.0,0
Сталь 45,70,0,74.0,0
95Х18,30,0,10.0,0
Сталь 45,30,0,14.0,0
Д16,0,50,58.0,53
Д16Т,0,20,345.0,223
Д16Т,50,0,46.0,0
Д16Т,0,70,117.0,80
95Х18,12,0,950.0,0
Сталь 45,60,0,95.0,0
Д16Т,0,20,35.0,15
Сталь 45,55,0,55.0,0
ЛС59-1,35,0,35.0,0
ВТ1-0,65,0,14.0,0
Сталь со специальной отделкой поверхности 6-б-3-А75,6,0,13.0,0
Сталь со специальной отделкой поверхности 6-б-3-А75,6,0,10.0,0
Д16Т,0,25,37.0,37
Д16Т,0,16,35.0,20
Д16АМ,0,10,330.0,150
Сталь со специальной отделкой поверхности 4-б-3-А75 ,4,0,5.0,0
Сталь 45,50,0,42.0,0
ЛС59-1,30,0,60.0,0
ЛС 59-1,0,20,35.0,35
95Х18,36,0,75.0,0
Д16,0,30,40.0,35
ЛС 59-1,0,30,50.0,35
Д16,0,8,90.0,50
Д16,0,8,90.0,50
Сталь 45,0,12,25.0,14
Сталь 45,0,8,35.0,20
Д16,0,16,58.0,44
Д16,0,25,83.0,59
Сталь 45,0,12,67.0,29
Сталь 45,0,10,156.0,150
Сталь 45,0,10,55.0,45
95Х18,53,0,10.0,0
Сталь 45,0,25,54.0,44
Сталь 45,60,0,10.0,0
Д16,0,20,53.0,49
ВТ1-0,25,0,12.5,0
Д16,0,16,26.0,29
Сталь 45,0,10,95.0,45
Сталь 40 Х,0,5,101.0,19
12Х18H10T,0,2,55.0,55
12Х18H10T,0,2,60.0,55
Д16,30,0,15.0,0
Сталь 45,70,0,74.0,0
95Х18,30,0,10.0,0
Сталь 45,30,0,14.0,0
Д16,0,50,58.0,53
Д16Т,0,20,345.0,223
Д16Т,50,0,46.0,0
Д16Т,0,70,117.0,80
95Х18,12,0,950.0,0
Сталь 45,60,0,95.0,0
Д16Т,0,20,35.0,15
Сталь 45,55,0,55.0,0
ЛС59-1,35,0,35.0,0
95Х18,60,0,10.0,0
95Х18,45,0,7.0,0
ВТ1-0,65,0,14.0,0
Сталь 45,0,12,36.0,110
Сталь со специальной отделкой поверхности 6-б-3-А75,6,0,13.0,0
Сталь со специальной отделкой поверхности 6-б-3-А75,6,0,10.0,0
Д16Т,0,25,37.0,37
Д16Т,32,0,32.0,0
Д16Т,0,16,35.0,20
Д16Т,0,16,35.0,20
Д16АМ,0,10,330.0,150
Сталь 45,0,10,156.0,150
Сталь 45,0,10,55.0,45
Сталь со специальной отделкой поверхности 4-б-3-А75 ,4,0,5.0,0
Сталь 45,50,0,42.0,0
ЛС59-1,30,0,60.0,0
ЛС 59-1,0,20,35.0,35
95Х18,36,0,75.0,0
Д16,0,30,40.0,35
ЛС 59-1,0,30,50.0,35
Д16,0,8,90.0,50
Д16,0,8,90.0,50
Сталь 45,0,12,25.0,14
Сталь 45,0,8,35.0,20
Д16,0,16,58.0,44
Д16,0,25,83.0,59
Сталь 45,0,12,67.0,29
Сталь 45,0,10,156.0,150
Сталь 45,0,10,55.0,45
95Х18,53,0,10.0,0
Сталь 45,0,25,54.0,44
Сталь 45,60,0,10.0,0
Д16,0,20,53.0,49
ВТ1-0,25,0,12.5,0
Д16,0,16,26.0,29
Сталь 45,0,10,95.0,45
Сталь 40 Х,0,5,101.0,19
12Х18H10T,0,2,55.0,55
12Х18H10T,0,2,60.0,55
Д16,30,0,15.0,0
Сталь 45,70,0,74.0,0
95Х18,30,0,10.0,0
Сталь 45,30,0,14.0,0
Д16,0,50,58.0,53
Д16Т,0,20,345.0,223
Д16Т,50,0,46.0,0
Д16Т,0,70,117.0,80
95Х18,12,0,950.0,0
Сталь 45,60,0,95.0,0
Д16Т,0,20,35.0,15
Сталь 45,55,0,55.0,0
ЛС59-1,35,0,35.0,0
95Х18,60,0,10.0,0
95Х18,45,0,7.0,0
ВТ1-0,65,0,14.0,0
Сталь 45,0,12,36.0,110
Сталь со специальной отделкой поверхности 6-б-3-А75,6,0,13.0,0
Сталь со специальной отделкой поверхности 6-б-3-А75,6,0,10.0,0
Д16Т,0,25,37.0,37
Д16Т,32,0,32.0,0
Д16Т,0,16,35.0,20
Д16Т,0,16,35.0,20
Д16АМ,0,10,330.0,150
Сталь 45,0,10,156.0,150
Сталь 45,0,10,55.0,45
Д16Т,0,12.0,370,270
Д16Т,0,20.0,280,135
Д16Т,0,12.0,130,95
Д16Т,0,1.5,160,120
Д16Т,0,6.0,15,15
Д16,0,20,35,25
АМг6,0,30,65,46
В95,130,0.0,59,0
В95,95,0.0,106,0
В95,95,0.0,106,0
В95,90,0.0,40,0
В95,70,0.0,84,0
В95,70,0.0,84,0
В95,70,0.0,80,0
В95,70,0.0,21,0
В95,60,0.0,67,0
АМг2,0,1.5,125,125
В95,10,0.0,20,0
В95,10,0.0,20,0
В95,10,0.0,20,0
В95,90,0.0,93,0
В95,65,0.0,68,0
В95,55,0.0,58,0
Л63,10,0.0,7,0
Л63,6,0.0,7,0
В95,70,0.0,170,0
В95,70,0.0,190,0
В95,0,20,150,150
В95,65,0,37,0
В95,65,0,12,0
В95,65,0,14,0
Д16Т,0,10,20,15
ЛС59-1,0,0,0,0
POM черный,0,15,55,42
20Х13,5,0,60,0
POM черный,0,12,38,26
ЛС59-1,0,5,35,20
POM черный,0,40,60,22
Д16,0,0,0,0
Д16,0,0,0,0
АД33,0,215,435,265
Ак9,0,30,525,460
Ак9,0,110,260,185
Д16,0,30,525,460
Graphite ET-10,0,0.0,0,0
SUS 430,40,0.0,20,0
SUS 304,0,0.1,20,20
SUS 304,65,0.0,55,0
Д16Т,0,9.5,282,200
Д16Т,0,31.0,282,200
Д16Т,0,12.0,282,200
Д16Т,0,8.0,282,200
Д16Т,0,5.5,282,200
6062 Т6,110,0,126,0
6062 Т6,110,0,15,0
6062 Т6,110,0,55,0
6062 Т6,0,70,170,108
6062 Т6,60,0,120,0
6062 Т6,0,10,82,56
INOX316,30,0,105,0
6082 T6,110,0,60,0
INOX316,30,0,8,0
6082 T6,0,40,80,80
6082 T6,0,15,30,42
POM черн,0,20,37,25
6082 T6,0,5,42,90
6082 T6,0,5,42,90
POM черн,0,20,25,60
INOX316,10,0,68,0
INOX316,10,0,90,0
INOX316,10,0,75,0
INOX,8,0,24,0
SUS 304,0,25,66,35
SUS 304,30,0,55,0
A6061T6,0,30,640,555
N42SH,0,0,0,0
A6061T6,0,20,310,32
SUS 430,0,8,310,25
SUS 420 J2,30,0,45,0
SUS 304,0,25,86,27
SUS 304,0,25,76,27
SUS 304,0,30,57,45
SUS 420 J2,20,0,80,0
A6061T6,25,0,10,0
SUS 420 J2,30,0,60,0
PTFE,50,0,6,0
SUS 420 J2,25,0,40,0
SUS 304,0,30,320,95
SUS 304,65,0,170,0
SUS 304,65,0,200,0
SUS 420 J2,0,30,210,35
A6061T6,0,40,126,90
A6061T6,0,30,650,530
"PUR, Shore A 70",30,0,20,0
A6061T6,210,0,36,0
A6061T6,0,5,265,215
A6061T6,0,45,235,230
SUS 304,160,0,115,0
SUS 304,55,0,11,0
SUS 420 J2,65,0,315,0
PMMA,0,6,185,185
35,12,0,117,0
20,42,0,17,0
БрАЖНМц9-4-4-1,60,0,66,0
БрАЖНМц9-4-4-1,80,0,85,0
08Х18Н10Т,26,0,44,0
"БрАЖМц10-3-1,5",45,0,32,0
"БрАЖМц10-3-1,5",45,0,32,0
08Х18Н10Т,55,0,43,0
08Х18Н10Т,35,0,90,0
08Х18Н10Т,28,0,90,0
08Х18Н10Т,20,0,90,0
БрКМц3-1,60,0,11,0
20,75,0,18,0
45,75,0,66,0
шестигранник S32,37,0,53,0
БрКМц3-1,25,0,6,0
08Х18Н10Т,22,0,80,0
М3,25,0,8,0
Шестигранник S27,31,0,38,0
08Х18Н10Т,18,0,60,0
шестигранник S30,35,0,39,0
М3р,18,0,7,0
"БрОФ6,5-0,15",18,0,6,0
08Х18Н10Т,0,45,120,85
08Х18Н10Т,0,45,120,85
08Х18Н10Т,0,65,120,95
08Х18Н10Т,50,0,72,0
35,12,0,117,0
20,42,0,17,0
БрАЖНМц9-4-4-1,60,0,66,0
БрАЖНМц9-4-4-1,80,0,85,0
08Х18Н10Т,26,0,44,0
"БрАЖМц10-3-1,5",45,0,32,0
"БрАЖМц10-3-1,5",45,0,32,0
08Х18Н10Т,55,0,43,0
08Х18Н10Т,35,0,90,0
08Х18Н10Т,28,0,90,0
08Х18Н10Т,20,0,90,0
БрКМц3-1,60,0,11,0
20,75,0,18,0
45,75,0,66,0
шестигранник S32,37,0,53,0
БрКМц3-1,25,0,6,0
08Х18Н10Т,22,0,80,0
М3,25,0,8,0
Шестигранник S27,31,0,38,0
08Х18Н10Т,18,0,60,0
шестигранник S30,35,0,39,0
М3р,18,0,7,0
"БрОФ6,5-0,15",18,0,6,0
08Х18Н10Т,0,45,120,85
08Х18Н10Т,0,45,120,85
08Х18Н10Т,0,65,120,95
08Х18Н10Т,50,0,72,0
08Х18Н10Т,36,0,47,0
"БрАЖМц10-3-1,5",60,0,43,0
Д16,0,60,175,170
Д16,0,20,62,42
Д16,0,20,62,30
Д16,0,6,58,58
Д16,0,8,175,160
Д16,130,0,22,0
40Х13,25,0,32,0
40Х13,32,0,15,0
40Х13,35,0,15,0
40Х13,35,0,15,0
40Х13,16,0,37,0
40Х13,42,0,18,0
40Х13,6,0,32,0
40Х13,45,0,45,0
40Х13,10,0,8,0
ЛС59-1,16,0,26,0
ПА6,25,0,28,0
40Х13,10,0,15,0
Д16,130,0,28,0
40Х13,15,0,51,0
ПА6,40,0,28,0
ЛС59-1,8,0,105,0
ЛС59-1,8,0,103,0
40Х13,10,0,16,0
Д16,0,45,140,140
40Х13,12,0,33,0
40Х13,18,0,12,0
40Х13,15,0,18,0
Д16,130,0,26,0
Д16,65,0,11,0
Ф-4,15,0,12,0
ЛС59-1,30,0,15,0
40Х13,12,0,42,0
Ф-4,10,0,13,0
40Х13,8,0,33,0
40Х13,28,0,18,0
Д16,140,0,23,0
10,130,0,30,0
10,160,0,60,0
Д16,0,25,95,90
40Х13,55,0,60,0
40Х13,30,0,56,0
40Х13,25,0,75,0
20,16,0,75,0
20,16,0,29,0
Л63,18,0,44,0
Д16,0,16,90,65
Д16,85,0,144,0
40Х13,150,0,56,0
Д16,90,0,146,0
Л63,0,16,82,75
40Х13,14,0,49,0
Л63,0,20,50,46
40Х13,60,0,15,0
40Х13,60,0,56,0
40Х13,15,0,37,0
40Х13,18,0,27,0
10,55,0,11,0
Ф-4,60,0,10,0
Д16,65,0,65,0
Л63,65,0,40,0
ТМКЩ,0,2,70,70
40Х13,16,0,8,0
10,30,0,25,0
40Х13,0,30,185,85
45,28,0,8,0
45,0,12,400,28
Каучук синтетический,20,0,30,0
POM or  PETP,0,20,114,80
POM or  PETP,0,60,90,80
Текстолит,8,0,12,0
 Труба  90х10   Д16Т,90,0,33,0
Труба 16х8   45,16,0,500,0
ЛС59-1,68,0,52,0
45,65,0,62,0
Д16Т,45,0,10,0
А12,10,0,18,0
Д16Т,90,0,20,0
А12,16,0,24,0
Д16Т,65,0,17,0
Д16Т,65,0,16,0
45,70,0,9,0
45,52,0,9,0
12Х18Н10Т,0,20,68,20
45,50,0,73,0
Д16Т,75,0,13,0
Д16Т,65,0,10,0
ЛС59-1,80,0,22,0
Д16Т,70,0,12,0
12Х18Н10Т,2,0,12,0
12Х18Н10Т,4,0,17,0
20Х13,8,0,23,0
45,8,0,53,0
45,16,0,40,0
45,8,0,89,0
45,38,0,95,0
А12,10,0,22,0
45,10,0,17,0
45,15,0,77,0
20Х13,8,0,18,0
20,14,0,9,0
А12,10,0,11,0
А12,4,0,13,0
А12,3,0,19,0
А12,12,0,27,0
45,10,0,25,0
А12,6,0,11,0
45,6,0,27,0
А12,10,0,18,0
А12,16,0,20,0
А12,10,0,8,0
45,25,0,7,0
Д16Т,90,0,19,0
45,28,0,8,0
10,18,0,7,0
45,32,0,7,0
45,18,0,7,0
Д16АТ,0,3,90,90
ЛС59-1,30,0,65,0
45,18,0,70,0
Д16Т,55,0,23,0
Д16Т,70,0,20,0
45,68,0,61,0
Д16Т,20,0,40,0
Д16Т,0,12,130,52
Д16Т,60,0,13,0
Д16Т,60,0,11,0
Д16Т,60,0,9,0
Д16Т,0,4,45,45
Д16Т,0,4,45,45
Д16Т,0,4,20,15
12Х18Н10Т,10,0,35,0
12Х18Н10Т,7,0,24,0
12Х18Н10Т,6,0,33,0
12Х18Н10Т,6,0,27,0
12Х18Н10Т,6,0,9,0
12Х18Н10Т,6,0,9,0
12Х18Н10Т,6,0,21,0
12Х18Н10Т,6,0,26,0
Д16Т,0,8,130,100
Д16Т,0,8,130,25
Д16Т,50,0,21,0
Д16Т,50,0,10,0
Д16Т,45,0,18,0
Д16Т,50,0,31,0
45,0,12,104,58
45,0,25,55,55
Д16Т,0,70,170,75
ст.3,0,10,516,80
SUS 304,0,4.0,260,81
SUS 304,0,4.0,260,81
SUS 304,0,4.0,256,81
SUS 304,0,1.5,242,75
SUS 420 J2,6,0.0,18,0
SUS 660,0,0.0,0,0
SUS 660,0,0.0,0,0
SUS 660,0,0.0,0,0
12Х18Н10Т,0,0,0,0
12Х18Н10Т,0,0,0,0
В95,0,60,232,96
B95,0,60,255,90
B95,0,60,220,135
20Х17Н2,50,0,35,0
B95,0,40,220,136
20Х17Н2,50,0,120,0
B95,0,40,340,240
B95,0,60,255,90
SUS 304,90,0,62,0
Д16Т,0,50,140,120
95Х18,30,0,300,0
12Х18Н10Т,45,0,50,0
12Х18Н10Т,45,0,50,0
20Х17Н2,0,5,85,55
20Х17Н2,0,10,85,55
20Х17Н2,0,10,85,55
20Х17Н2,0,12,130,65
20Х17Н2,0,12,130,80
20Х17Н2,0,10,38,38
12Х18Н10Т,0,15,85,53
12Х18Н10Т,0,20,70,75
25Х13Н2,85,0,30,0
25Х13Н2,85,0,30,0
М1,0,3,600,110
A6061T6,0,30,345,345
"Ti-5Al-2,5Sn",0,8,185,60
Д16,0,150.0,400,185
Д16,0,150.0,400,200
Д16,0,150.0,400,185
Д16,0,1.5,410,160
Д16,30,0.0,80,0
12Х18Н10Т,0,0,0,0
12Х18Н10Т,0,0,0,0
ЛС59-1  ,20,0,65,0
ПА6,18,0,25,0
12Х18Н10Т,8,0,152,0
12Х18Н10Т,8,0,152,0
40Х,65,0,52,0
40Х,70,0,35,0
45,85,0,35,0
У10А,0,0,0,0
У10А,0,0,0,0
Д16Т,0,0,0,0
Д16Т,80,0,150,0
Д16Т,0,30,168,60
20X13,25,0.0,15,0
INOX304,0,0.3,7,15
Стекло ТОСП,0,5.0,116,12
Сталь 45,8,0.0,20,0
Сталь 45,8,0.0,20,0
Сталь 45,8,0.0,22,0
Сталь 45,8,0.0,24,0
Д16Т,40,0.0,25,0
Д16Т,0,12.0,110,60
Д16Т,28,0.0,23,0
Д16Т,28,0.0,23,0
РОМ черн,0,2.0,50,30
Л63,0,6.0,26,26
Л63,0,6.0,26,26
д16 Т,0,60.0,120,120
Д16 Т,50,0.0,12,0
Д16 Т,50,0.0,8,0
Д16 Т,50,0.0,8,0
В95 Т,50,0.0,10,0
Д16 Т,50,0.0,70,0
Д16,0,20.0,52,56
Д 16Т,40,0.0,10,0
12Х18Н10Т,0,0.1,50,50
Д16 Т,35,0.0,45,0
Д16 Т,25,0.0,15,0
Д16 Т,30,0.0,10,0
Д16 Т,40,0.0,38,0
Сталь 45,6,0.0,10,0
Д16 Т,40,0.0,10,0
Д16 Т,50,0.0,34,0
д16 т,90,0.0,20,0
д16 т,90,0.0,20,0
Д16,0,50.0,120,100
д16 т,0,10.0,90,85
д16,0,40.0,60,25
40Х13,6,0.0,11,0
д16,0,8.0,50,12
д16,0,10.0,20,17
Д16,65,0.0,12,0
Д16 Т,0,12.0,70,65
Сталь 45,12,0.0,12,0
Д16 Т,0,12.0,65,75
ПА6,10,0.0,12,0
д16 т,0,12.0,45,15
д16,0,12.0,60,15
д16,0,16.0,20,15
АMг6,0,1.5,60,67
д16 т,0,10.0,21,20
40Х13,5,0.0,41,0
ПА6 ,0,6.0,28,10
Д16 Т,0,10.0,47,28
Д16 Т,0,16.0,52,35
Д16 Т,20,0.0,18,0
Д16 Т,25,0.0,8,0
Д16 Т,20,0.0,15,0
Д16 Т,20,0.0,18,0
ЛС59-1,0,0.5,25,12
20Х13,15,0.0,14,0
20Х13,10,0.0,10,0
20Х13,10,0.0,12,0
Д16,0,20.0,56,40
РОМ черн,0,25.0,145,112
POM черный,0,30.0,110,5
Д16 Т,70,0.0,23,0
ПА6 ,8,0.0,8,0
А12,6,0.0,16,0
Д16Т,30,0.0,35,0
POM черный,0,12.0,23,29
Сталь 20,30,0.0,10,0
Д16Т,30,0.0,22,0
ЛС59-1,10,0.0,14,0
Д16 Т,0,5.0,20,11
Д16 Т,0,20.0,40,64
20кп,20,0.0,28,0
20X13,25,0.0,15,0
INOX304,0,0.3,7,15
Стекло ТОСП,0,5.0,116,12
Сталь 45,8,0.0,20,0
Сталь 45,8,0.0,20,0
Сталь 45,8,0.0,22,0
Сталь 45,8,0.0,24,0
Д16Т,40,0.0,25,0
Д16Т,0,12.0,110,60
Д16Т,28,0.0,23,0
Д16Т,28,0.0,23,0
РОМ черн,0,2.0,50,30
Л63,0,6.0,26,26
Л63,0,6.0,26,26
д16 Т,0,60.0,120,120
Д16 Т,50,0.0,12,0
Д16 Т,50,0.0,8,0
Д16 Т,50,0.0,8,0
В95 Т,50,0.0,10,0
Д16 Т,50,0.0,70,0
Д16 Т,0,20.0,52,56
Д 16Т,40,0.0,10,0
12Х18Н10Т,0,0.1,50,50
Д16 Т,35,0.0,45,0
Д16 Т,25,0.0,15,0
Д16 Т,30,0.0,10,0
Д16 Т,40,0.0,38,0
Сталь 45,6,0.0,10,0
Д16 Т,40,0.0,10,0
Д16 Т,50,0.0,34,0
д16 т,90,0.0,20,0
д16 т,90,0.0,20,0
Д16,0,50.0,120,100
д16 т,0,10.0,90,85
д16,0,40.0,60,25
40Х13,6,0.0,11,0
д16,0,8.0,50,12
д16,0,10.0,20,17
Д16,65,0.0,12,0
Д16 Т,0,12.0,70,65
Сталь 45,12,0.0,12,0
Д16 Т,0,12.0,65,75
ПА6,10,0.0,12,0
д16 т,0,12.0,45,15
д16,0,12.0,60,15
д16,0,16.0,20,15
АMг6,0,1.5,60,67
д16 т,0,10.0,21,20
40Х13,5,0.0,41,0
ПА6 ,0,6.0,28,10
Д16 Т,0,10.0,47,28
Д16 Т,0,16.0,52,35
Д16 Т,20,0.0,18,0
Д16 Т,25,0.0,8,0
Д16 Т,20,0.0,15,0
Д16 Т,20,0.0,18,0
ЛС59-1,0,0.5,25,12
20Х13,15,0.0,14,0
20Х13,10,0.0,10,0
20Х13,10,0.0,12,0
Д16,0,20.0,56,40
РОМ черн,0,25.0,145,112
POM черный,0,30.0,110,5
Д16 Т,70,0.0,23,0
ПА6 ,8,0.0,8,0
А12,6,0.0,16,0
Д16Т,30,0.0,35,0
POM черный,0,12.0,23,29
Сталь 20,30,0.0,10,0
Д16Т,30,0.0,22,0
ЛС59-1,10,0.0,14,0
Д16 Т,0,5.0,20,11
Д16 Т,0,20.0,40,64
20кп,20,0.0,28,0
INOX304,0,0.3,7,15
Стекло ТОСП,0,5.0,116,12
Сталь 45,8,0.0,20,0
Сталь 45,8,0.0,20,0
Сталь 45,8,0.0,24,0
Д16Т,0,30.0,58,58
Д16Т,25,0.0,10,0
Д16Т,25,0.0,6,0
Д16Т,25,0.0,7,0
Д16Т,25,0.0,7,0
В95 Т,25,0.0,8,0
Д16Т,28,0.0,23,0
Д16Т,28,0.0,23,0
РОМ черн,0,2.0,50,30
Л63,0,6.0,26,26
Л63,0,6.0,26,26
20Х13,12,0.0,15,0
20кп,12,0.0,28,0
Д 16Т,40,0.0,10,0
12Х18Н10Т,0,0.1,50,50
Д16 Т,35,0.0,45,0
Д16 Т,25,0.0,15,0
Д16 Т,30,0.0,10,0
Д16 Т,40,0.0,38,0
Сталь 45,6,0.0,10,0
Д16 Т,40,0.0,10,0
Д16 Т,50,0.0,34,0
Д16 Т,20,0.0,18,0
Д16 Т,25,0.0,8,0
Д16 Т,20,0.0,15,0
Д16 Т,20,0.0,18,0
ЛС59-1,0,0.5,25,12
20Х13,15,0.0,14,0
20Х13,10,0.0,10,0
20Х13,10,0.0,12,0
Д16 А,0,45.0,105,65
A 12,5,0.0,45,0
Д16 Т,0,16.0,70,45
Д16 Т,70,0.0,23,0
А 12,6,0.0,16,0
Д16 Т,60,0.0,20,0
ПА6 ,8,0.0,8,0
Д16 Т,0,10.0,26,15
12Х18Н10Т,0,0.5,60,60
Д16 П,10,0.0,10,0
Д16Т,30,0.0,35,0
POM черный,0,12.0,23,29
Сталь 20,30,0.0,10,0
Д16Т,30,0.0,22,0
Д16,0,25.0,50,20
Д16,0,35.0,90,80
Д16 Т,45,0.0,40,0
Д16,40,0.0,10,0
Д16 Т,50,0.0,90,0
Сталь 45,6,0.0,10,0
Д16 Т,40,0.0,10,0
Д216 Т,50,0.0,25,0
ЛС59-1,10,0.0,14,0
Д16 Т,0,5.0,20,11
д16 т,0,20.0,63,38
POM C,0,25.0,130,75
POM C,0,5.0,70,35
Сталь 45,6,0.0,15,0
Д16 Т,60,0.0,12,0
Д16 Т,60,0.0,12,0
Д16Т,75,0.0,51,0
Д16Т,70,0.0,61,0
Д16Т,70,0.0,33,0
Д16Т,16,0.0,1000,0
INOX304,0,0.3,7,15
Стекло ТОСП,0,5.0,116,12
20Х13,12,0.0,15,0
Д 16Т,40,0.0,10,0
12Х18Н10Т,0,0.1,50,50
12Х18Н10Т,8,0.0,5,0
Д16 Т,35,0.0,45,0
Д16 Т,25,0.0,15,0
Д16 Т,30,0.0,10,0
Д16 Т,40,0.0,38,0
Сталь 45,6,0.0,10,0
Д16 Т,40,0.0,10,0
Д16 Т,50,0.0,34,0
Д16 АТ,20,0.0,20,0
Д16 Т,60,0.0,20,0
А12,5,0.0,30,0
А12,3,0.0,28,0
20кп,10,0.0,28,0
POM C черный,0,20.0,43,12
Ст 20,0,6.0,30,10
POM C черный,0,3.0,24,20
АМг6,0,2.0,35,25
АМг6,0,2.0,35,33
Сталь 45,6,0.0,15,0
Д16 Т,60,0.0,12,0
Д16 Т,60,0.0,12,0
Д16Т,75,0.0,51,0
Д16Т,70,0.0,61,0
Д16Т,70,0.0,33,0
Д16Т,16,0.0,1000,0
INOX304,0,0.3,7,15
Стекло ТОСП,0,5.0,116,12
Д16Т,0,30.0,58,58
Д16Т,25,0.0,10,0
Д16Т,25,0.0,6,0
Д16Т,25,0.0,7,0
Д16Т,25,0.0,7,0
В95 Т,50,0.0,10,0
Д16Т,28,0.0,23,0
Д16Т,28,0.0,23,0
Л63,0,6.0,26,26
Л63,0,6.0,26,26
20Х13,12,0.0,15,0
Д 16Т,40,0.0,10,0
12Х18Н10Т,0,0.1,50,50
12Х18Н10Т,8,0.0,5,0
Д16 Т,35,0.0,45,0
Д16 Т,25,0.0,15,0
Д16 Т,30,0.0,10,0
Д16 Т,40,0.0,38,0
Сталь 45,6,0.0,10,0
Д16 Т,40,0.0,10,0
Д16 Т,50,0.0,34,0
Сталь 45,8,0.0,8,0
Д16 АТ,20,0.0,20,0
Д16 Т,60,0.0,20,0
А12,3,0.0,28,0
20кп,10,0.0,28,0
POM C черный,0,20.0,43,12
Ст 20,0,6.0,30,10
POM C черный,0,3.0,24,20
АМг6,0,2.0,35,25
АМг6,0,2.0,35,33
Д16 А,0,20.0,75,60
ПА6,6,0.0,8,0
Сталь 45,8,0.0,20,0
Сталь 45,8,0.0,21,0
Ст 20,8,0.0,8,0
Д16 Т,0,45.0,50,22
Д16 Т,0,12.0,66,42
АМг6,0,2.0,35,25
Сталь 45,6,0.0,15,0
Д16 Т,60,0.0,12,0
Д16 Т,60,0.0,12,0
Д16Т,75,0.0,51,0
Д16Т,70,0.0,61,0
Д16Т,70,0.0,33,0
20.0,0,18,210,162
20.0,0,22,210,162
INOX304,0,0.5,24,24
INOX304,0,0.8,25,25
40Х13,8,0.0,14,0
40Х13,10,0.0,34,0
40Х13,40,0.0,6,0
40Х13,40,0.0,5,0
Войлок СТ,0,5.0,25,25
INOX304,0,0.5,25,18
Сталь 45,0,0,0,0
Сталь 45,0,0,0,0
Д16Т,0.0,70,200,180
Д16Т,8.0,0,11,0
30ХГСА,10.0,0,7,0
40Х,28.0,0,57,0
45,22.0,0,34,0
40Х13,6.0,0,17,0
Д16АТ,0.0,8,38,32
45,0.0,4,22,20
45,16.0,0,13,0
45,10.0,0,9,0
ЛС59-1,10.0,0,33,0
Ст3,0.0,0,460,0
А12,5.0,0,18,0
Д16Т,0.0,8,105,66
45,8.0,0,19,0
20,7.0,0,9,0
40Х,8.0,0,22,0
Д16Т,35.0,0,15,0
А12,12.0,0,22,0
20,6.0,0,7,0
45,22.0,0,9,0
Профиль,0.0,20,30,60
А12,5.5,0,37,0
А12,5.5,0,30,0
А12,7.0,0,37,0
40Х,62.0,0,75,0
12Х18Н10Т,46.0,0,22,0
45,18.0,0,26,0
45,70.0,0,8,0
45,100.0,0,10,0
Д16Т,10.0,0,13,0
20,10.0,0,12,0
45,12.0,0,17,0
БрАЖ9-4,16.0,0,11,0
Л63,50.0,0,9,0
45,18.0,0,17,0
45,26.0,0,17,0
Д16Т,45.0,0,10,0
Д16Т,80.0,0,9,0
Д16Т,65.0,0,8,0
Д16Т,28.0,0,8,0
45,42.0,0,18,0
45,0.0,4,26,20
45,0.0,4,26,20
Д16Т,140.0,0,12,0
ВТ1-0,50.0,0,16,0
Д16Т,110.0,0,20,0
Д16Т,65.0,0,15,0
45,95.0,0,45,0
А12,8.0,0,10,0
ЛС59-1,6.0,0,40,0
45,8.0,0,7,0
ЛС59-1,10,0,33,0
Д16Т,0,16,130,50
Д16Т,0,50,96,62
Д16Т,0,40,110,92
Д16Т,90,0,33,0
45,0,45,140,64
Д16АТ,0,3,130,130
45,0,12,65,30
Д16Т,0,16,110,26
Ст3,0,0,460,0
Д16Т,0,70,200,180
Д16Т,0,50,96,86
А12,5,0,18,0
Д16АТ,0,8,38,20
Д16Т,28,0,27,0
20,40,0,8,0
Д16Т,70,0,22,0
Д16Т,0,55,135,82
Д16Т,0,8,105,66
45,8,0,19,0
12Х18Н10Т,12,0,33,0
45,22,0,17,0
45,0,15,90,60
Д16Т,55,0,85,0
45,40,0,16,0
Д16Т,8,0,11,0
20,7,0,9,0
20,10,0,13,0
45,12,0,22,0
А12,8,0,10,0
20,10,0,12,0
45,12,0,17,0
ВТ1-0,40,0,125,0
Д16Т,25,0,7,0
30ХГСА,10,0,7,0
БрАЖ9-4,16,0,11,0
Д16Т,0,12,42,42
Л63,50,0,9,0
40Х13,22,0,60,0
45,18,0,17,0
40Х,28,0,57,0
45,22,0,34,0
40Х13,6,0,17,0
40Х,8,0,22,0
45,0,20,28,24
45,0,20,28,24
40Х13,10,0,51,0
40Х,10,0,20,0
Д16Т,35,0,15,0
Д16АТ,0,8,32,28
Д16АТ,0,8,38,32
Д16Т,10,0,10,0
Д16Т,0,30,50,40
Д16Т,0,12,45,32
45,5,0,85,0
45,10,0,31,0
45,15,0,35,0
А12,12,0,22,0
40Х13,22,0,18,0
20,6,0,55,0
20,6,0,7,0
40Х13,18,0,9,0
45,56,0,10,0
45,22,0,9,0
30ХГСА,8,0,9,0
Профиль,0,30,172,60
Профиль,0,20,30,60
45,60,0,23,0
Д16Т,0,20,40,20
Д16Т,0,20,78,26
Д16Т,0,25,80,60
Д16Т,0,25,65,45
Д16Т,0,25,65,45
А12,0,0,37,0
А12,0,0,30,0
Д16Т,0,30,36,36
ЛС59-1,6,0,40,0
А12,0,0,37,0
45,22,0,10,0
40Х13,58,0,16,0
ЛС59-1,35,0,29,0
40Х,62,0,75,0
12Х18Н10Т,46,0,22,0
45,18,0,26,0
Д16Т,45,0,8,0
Д16Т,30,0,8,0
45,8,0,7,0
45,70,0,8,0
45,100,0,10,0
45,26,0,17,0
45,22,0,22,0
45,55,0,8,0
Д16Т,45,0,10,0
Д16Т,80,0,9,0
Д16Т,65,0,8,0
Д16Т,15,0,9,0
45,60,0,7,0
ВТ1-0,90,0,8,0
Д16Т,100,0,9,0
45,68,0,7,0
12Х18Н10Т,42,0,95,0
40Х13,10,0,75,0
40Х13,10,0,88,0
40Х,0,12,36,18
45,130,0,15,0
40Х,0,12,30,25
45,0,25,60,50
Д16Т,28,0,8,0
45,45,0,6,0
45,52,0,6,0
45,42,0,18,0
45,0,12,38,26
40Х,0,10,30,28
45,0,4,26,20
45,0,4,26,20
45,0,4,22,20
Д16Т,0,25,68,34
20,0,8,20,15
20,0,4,20,15
Д16АТ,0,2,200,38
45,220,0,9,0
Д16Т,140,0,12,0
Д16Т,30,0,17,0
ВТ1-0,50,0,16,0
ВТ1-0,50,0,16,0
Д16Т,110,0,20,0
Д16Т,65,0,15,0
ВТ1-0,100,0,37,0
ВТ1-0,110,0,105,0
ВТ1-0,50,0,45,0
45,95,0,45,0
Д16Т,75,0,14,0
45,85,0,11,0
45,16,0,13,0
45,10,0,9,0
Д16Т,0,15,255,210
Д16Т,130,0,130,0
Д16Т,0,40,175,140
Шестигранник 17 ст.35,0,0,9,0
Д16Т,50,0,38,0
Д16Т,50,0,38,0
Д16Т,0,50,145,55
Д16Т,0,140,270,160
Д16Т,0,130,270,180
Д16Т,16,0.0,1000,0
Стекло ТОСП,0,5.0,116,12
А12,10,0.0,20,0
20Х13,12,0.0,15,0
Д 16Т,40,0.0,10,0
12Х18Н10Т,0,0.1,50,50
Д16 Т,35,0.0,45,0
Д16 Т,25,0.0,15,0
Д16 Т,30,0.0,10,0
Д16 Т,40,0.0,38,0
Сталь 45,6,0.0,10,0
Д16 Т,40,0.0,10,0
Д16 Т,50,0.0,34,0
Д16 АТ,20,0.0,20,0
д16 т,90,0.0,20,0
д16 т,90,0.0,20,0
д16 т,70,0.0,30,0
PA 6,0,2.0,37,34
Д16 Т,0,6.0,73,62
Д16 Т,0,6.0,50,40
Д16,0,16.0,54,35
PA 6,10,0.0,160,0
Д16 Т,0,20.0,53,54
Д16 Т,0,20.0,35,20
Д16 Т,0,20.0,35,20
Амг6,0,1.5,220,120
PA 6,0,6.0,20,60
PA6 ,0,8.0,47,20
РОМ черн,0,60.0,65,65
ПА6,0,6.0,42,20
65С2А,0,1.0,120,100
полное изготовление по кооперации из материала заказчика,0,1.5,220,40
Д16Т,0,2.5,60,55
Д16Т,0,0,0,0
Д16Т,0,0,0,0
35Л,0,16,26,120
АК12М2,0,40,50,70
АК12М2,0,50,70,100
Д16Т,0,0,0,0
Д16Т,0,0,0,0
35Л,0,0,0,0
АК12М2,0,0,0,0
АК12М2,0,0,0,0
д16 т,0,45,260,182
д16 т,0,25,260,182
д16 т,8,0,15,0
12Х18Н9Т,15,0,32,0
д16 т,0,160,260,185
д16 т,0,15,48,32
М4,0,15,62,62
12Х18Н9Т,10,0,38,0
Сталь 40Х,14,0,18,0
д16 т,0,20,110,30
д16 т,0,25,95,95
д16 т,0,16,260,182
Смесь резиновая 2671,0,0.0,0,0
"У8А-С-0,8",0,0.8,35,14
Смесь резиновая 2671,0,0.0,0,0
д16 т,0,20.0,334,225
д16 т,0,45.0,334,225
д16,0,32.0,78,48
12Х18Н10Т,24,0.0,12,0
12Х18Н10Т,24,0.0,22,0
12Х18Н9Т,4,0.0,400,0
12Х18Н10Т,24,0.0,8,0
"Сталь пружинная листовая S=0,5",0,0.5,40,28
12х18Н9Т,24,0.0,22,0
12Х18Н9Т,8,0.0,17,0
д16,0,35.0,232,116
д16,0,45.0,250,116
12Х18Н10Т,10,0.0,25,0
12х18Н9Т,15,0.0,33,0
д16 т,0.0,20.0,320,180
INOX 304,0.0,40.0,312,105
INOX 304,0.0,15.0,38,38
INOX 304,0.0,3.0,120,76
INOX 304,0.0,4.0,70,50
INOX 304,0.0,5.0,104,50
INOX 304,0.0,1.5,52,35
INOX 304,0.0,10.0,30,12
INOX 304,8.0,0.0,20,0
INOX 304,12.0,0.0,5,0
"Проволока Б-2-0,7",0.7,0.0,240,0
д16,0.0,25.0,68,44
Проволока А-1-1,1.0,0.0,17500,0
д16 т,0.0,25.0,240,110
95Х18,18.0,0.0,55,0
95Х18,0.0,8.0,90,32
95Х18,14.0,0.0,16,0
95Х18,8.0,0.0,41,0
Д16Т,0.0,120.0,220,142
95Х18,0.0,25.0,68,44
12Х18Н10Т,0,25,465,70
12Х18Н10Т,0,25,465,70
12Х18Н10Т,0,20,470,70
12Х18Н10Т,22,0,405,0
труба 14х3,15,0,390,0
12Х18Н10Т,25,0,30,0
12Х18Н10Т,0,15,50,42
12Х18Н10Т,30,0,125,0
12Х18Н10Т,5,0,45,0
12Х18Н10Т,0,25,51,30
12Х18Н10Т,28,0,13,0
SUS 430,0,8.0,365,68
SUS 430,0,12.0,330,30
SUS 420 J2,0,16.0,350,48
SUS 430,40,0.0,20,0
SUS 304,0,0.1,20,20
SUS 304,0,0.0,0,0
C3710,0,25.0,345,45
SUS 304,10,0.0,20,0
SUS 304,25,0.0,20,0
C3710,6,0.0,10,0
Polyamde,8,0.0,12,0
SUS 420 J2,0,16.0,350,50
SUS 420 J2,0,20.0,320,50
PTFE,0,10.0,350,30
SUS 420 J2,0,12.0,68,48
SUS 304,18,0.0,40,0
PTFE,25,0.0,20,0
SUS 304,16,0.0,20,0
SUS 304,22,0.0,50,0
Teflon,20,0.0,50,0
A5052,0,16.0,358,65
Rubber,0,2.0,360,65
A5052,0,20.0,390,88
Polyamde,56,0.0,65,0
SUS 304,55,0.0,51,0
SUS 304,50,0.0,15,0
SUS 304,50,0.0,7,0
SUS 304,6,0.0,15,0
Epoxy glass fabric laminated sheet 3240,0,3.0,110,110
A5052,6,0.0,115,0
SUS 304,20,0.0,135,0
C3710,20,0.0,6,0
C3710,20,0.0,8,0
C3710,22,0.0,12,0
С1220,10,0.0,30,0
Brass,22,0.0,15,0
PETP,45,0.0,30,0
PETP,45,0.0,30,0
C1220,16,0.0,76,0
PTFE,30,0.0,50,0
Epoxy glass fabric laminated sheet 3240,0,3.0,110,110
М3х8 А2 DIN 912 SCR-0000402,0,0.0,0,0
С1220,10,0,30,0
Brass,22,0,15,0
PTFE,30,0,50,0
ПА6,0,20,22,22
Сталь 95Х18,15,0,16,0
АМг6,0,19,370,296
45.0,0,45,75,75
C1720,30,0,25,0
SUS 304,20,0,10,0
A6061T6,0,12,460,460
A6061T6,0,16,1022,144
A6061T6,0,8,400,400
SUS 304,0,0,0,0
A6061T6,0,16,1022,144
A6061T6,0,16,990,144
A6061T6,0,6,288,33
SUS 420 J2,34,0,1070,0
SUS 304,0,16,85,50
SUS 420 J2,40,0,21,0
SUS 304,45,0,1047,0
A6061T6,0,20,440,245
A6061T6,0,20,440,245
Войлок СТ,0,5,25,25
40Х13,8,0,28,0
40Х13,40,0,5,0
Д16Т,0,3,220,220
Д16Т,130,0,15,0
PA 6 OFN A ( чёрный марки А),0,10,200,40
ЛС59-1,22,0,20,0
Д16Т,110,0,65,0
Д16Т,90,0,45,0
Д16Т,30,0,45,0
Д16Т,40,0,45,0
INOX304,0,0.3,7,15
Стекло ТОСП,0,5.0,116,12
Сталь 45,8,0.0,20,0
Сталь 45,8,0.0,20,0
Д16Т,0,30.0,58,58
Д16Т,25,0.0,10,0
Д16Т,25,0.0,6,0
Д16Т,25,0.0,7,0
Д16Т,25,0.0,7,0
В95 Т,25,0.0,8,0
Д16Т,28,0.0,23,0
Д16Т,28,0.0,23,0
РОМ черн,0,2.0,50,30
Л63,0,6.0,26,26
Л63,0,6.0,26,26
20Х13,12,0.0,15,0
Д 16Т,40,0.0,10,0
Д16 Т,35,0.0,45,0
Д16 Т,25,0.0,15,0
Д16 Т,30,0.0,10,0
Сталь 45,6,0.0,10,0
Д16 Т,40,0.0,10,0
Д16 Т,50,0.0,34,0
40Х13,6,0.0,11,0
д16,0,8.0,50,12
Д16,65,0.0,12,0
Сталь 45,12,0.0,12,0
ПА6,10,0.0,12,0
Д16 Т,20,0.0,18,0
Д16 Т,25,0.0,8,0
Д16 Т,20,0.0,15,0
Д16 Т,20,0.0,18,0
20Х13,15,0.0,14,0
20Х13,10,0.0,10,0
20Х13,10,0.0,12,0
Д16 Т,60,0.0,20,0
ПА6 ,8,0.0,8,0
А12,6,0.0,16,0
Д16Т,30,0.0,35,0
POM черный,0,12.0,23,29
Сталь 20,30,0.0,10,0
Д16Т,30,0.0,22,0
ЛС59-1,10,0.0,14,0
Д16 Т,0,5.0,20,11
д16 т,0,20.0,63,38
Д16 Т,0,10.0,36,25
40Х13,3,0.0,51,0
Д16,0,45.0,81,75
Д16,0,40.0,60,25
20кп,20,0.0,28,0
Сталь 45,10,0.0,25,0
Сталь 45,10,0.0,25,0
Сталь 45,10,0.0,7,0
АМг6,0,2.0,43,25
А12 (шестигранник 8),10,0.0,23,0
АМг6,0,1.5,180,170
Д16,0,16.0,100,70
Д16 Т,0,50.0,50,20
12Х18Н10Т,0,0.1,50,50
Pa,6,0.0,10,0
Д16 Т,40,0.0,38,0
Д16 Т,0,12.0,66,42
Сталь 45,6,0.0,15,0
Д16 Т,60,0.0,12,0
Д16 Т,60,0.0,12,0
Д16Т,75,0.0,51,0
Д16Т,70,0.0,61,0
Д16Т,70,0.0,33,0
Д16Т,20,0,19,0
Д16Т,18,0,81,0
Х12МФ,0,8,70,32
Х12МФ,75,0,32,0
Х12МФ,75,0,32,0
Х12МФ,0,8,120,32
Х12МФ,35,0,32,0
Х12МФ,35,0,32,0
Х12МФ,0,8,70,32
Х12МФ,85,0,32,0
Х12МФ,85,0,32,0
Х12МФ,100,0,32,0
Д16,0,30,360,325
Д16,0,70,360,325
Д16,0,60,360,105
Д16,0,60,175,105
Д16,0,50,200,60
Д16,0,50,180,50
Д16,0,60,270,230
Д16,0,60,360,170
Д16,0,45,500,140
Д16,0,45,500,145
Д16,0,45,170,50
Д16,0,35,200,50
Д16,0,35,290,50
Д16,0,35,200,50
Д16,0,45,170,50
Д16,0,50,500,405
Д16,0,45,500,405
Д16,0,45,400,75
Д16,0,45,400,80
Д16,0,45,105,50
Д16,0,35,125,50
Д16,0,35,125,50
Д16,0,35,130,50
Д16,0,45,105,50
Д16,0,50,400,240
Д16,0,50,400,240
ЛС59-1,6,0,16,0
Ф-4,8,0,25,0
45,20,0.0,86,0
АМг5М,60,0.0,23,0
АМг5,180,0.0,29,0
ПА6,80,0.0,7,0
АМг5,250,0.0,100,0
АМг5,0,1.5,220,60
АМг5,200,0.0,40,0
АМг5М,30,0.0,310,0
АМг5,180,0.0,55,0
АМг5,12,0.0,57,0
АМг5,0,20.0,85,65
12Х18Н10Т,25,0.0,40,0
АМг5,180,0.0,65,0
ПА6,12,0.0,11,0
Полипропилен серый,80,0,35,0
Полипропилен серый,75,0,12,0
Полипропилен серый,15,0,37,0
Полипропилен серый,15,0,31,0
Полипропилен серый,35,0,16,0
Полипропилен серый,35,0,17,0
Капролон ПА-6,35,0,18,0
POM черный,45,0,29,0
POM черный,20,0,25,0
POM черный,8,0,11,0
POM черный,30,0,52,0
Полипропилен ,0,70,80,80
Полипропилен ,0,70,80,80
Полипропилен серый,50,0,34,0
Сталь 45,12,0,20,0
Д16Т,0,4,408,300
Д16Т,0,8,408,95
SUS 430,55,0,1100,0
SUS 420 J2,40,0,1100,0
SUS 304,0,30,168,48
SUS 304,28,0,105,0
SUS 420 J2,20,0,173,0
SCR-0000462,0,0,0,0
Д16Т,20,0,19,0
Д16Т,18,0,81,0
Сталь 45,12,0,20,0
Д16Т,0,16,93,68
Д16Т,0,16,138,68
Д16Т,0,16,188,68
Д16Т,0,16,88,68
Д16Т,0,16,88,68
Д16Т,0,16,138,68
Д16Т,0,16,138,68
Д16Т,0,16,188,68
Д16Т,0,16,188,68
Д16Т,0,16,93,68
Д16Т,0,16,138,68
Д16Т,0,16,188,68
Д16Т,0,16,88,68
Д16Т,0,16,88,68
Д16Т,0,16,138,68
Д16Т,0,16,138,68
Д16Т,0,16,188,68
Д16Т,0,16,188,68
Сталь 45,30,0,127,0
Сталь 45,60,0,57,0
ПА6,20,0,55,0
ЛС59-1,16,0,9,0
20X13,25,0.0,15,0
Сталь 20,0,5.0,22,16
А12,12,0.0,19,0
Д16Т,0,8.0,35,65
Сталь 45,16,0.0,6,0
12X18Н10Т,0,0.2,50,50
Д16Т,50,0.0,55,0
Д16Т,40,0.0,15,0
Д16Т,40,0.0,10,0
Д16Т,60,0.0,38,0
Д16Т,50,0.0,10,0
Д16Т,60,0.0,34,0
Сталь 45,6,0.0,10,0
Д16Т,40,0.0,5,0
Сталь 20,0,6.0,25,15
А12,5,0.0,20,0
Сталь 20,0,6.0,32,15
Сталь 45,65,0.0,126,0
А12,10,0.0,20,0
Сталь 45,8,0.0,20,0
Сталь 45,8,0.0,24,0
Д16Т,8,0.0,1000,0
Д16Т,0,8.0,94,73
Д16Т,0,25.0,122,76
Д16Т,0,8.0,32,50
Ст10,0,8.0,12,53
РА,6,0.0,15,0
Д16Т,0,70.0,70,110
Д16Т,0,70.0,90,100
А12,20,0.0,20,0
Д16Т,0,25.0,130,62
Д16Т,65,0.0,20,0
Д16Т,0,12.0,110,60
А12,4,0.0,50,0
20Х13,0,10.0,32,35
Д16АТ,0,12.0,220,220
20Х13,20,0.0,35,0
20Х13,20,0.0,35,0
А12(шестигранник 5),6,0.0,20,0
А12(шестигранник 5),6,0.0,55,0
08Х18Н10Т,10,0.0,25,0
Д16Т,0,40.0,94,70
Сталь 45,20,0.0,16,0
PC,0,5.0,16,14
Амг,0,1.5,100,100
Сталь 45,20,0.0,19,0
Д16,10,44.0,20,0
Д16,90,0.0,16,0
20Х13,15,0.0,21,0
08Х18Н10Т,0,20.0,80,116
08Х18Н10Т,20,0.0,65,0
08Х18Н10Т,25,0.0,65,0
08Х18Н10Т,20,0.0,110,0
POM черный,40,0.0,20,0
08Х18Н10Т,0,4.0,15,45
08Х18Н10Т,12,0.0,5,0
РОМ черн,0,60.0,82,65
ПА6,0,6.0,42,20
полное изготовление по кооперации из материала заказчика,0,1.5,220,40
65С2А,0,1.0,120,100
Д16Т,0,2.5,60,55
Д16Т,28,0.0,23,0
Д16Т,28,0.0,23,0
РОМ черн,0,2.0,50,30
Л63,0,6.0,26,26
Л63,0,6.0,26,26
д16 Т,0,60.0,120,120
Д16 Т,50,0.0,12,0
Д16 Т,50,0.0,8,0
Д16 Т,50,0.0,8,0
В95 Т,50,0.0,10,0
Д16 Т,50,0.0,70,0
Д16,0,20.0,52,56
ПА6 ,0,6.0,28,10
Д16 Т,20,0.0,18,0
Д16 Т,25,0.0,8,0
Д16 Т,20,0.0,15,0
Д16 Т,20,0.0,18,0
20Х13,15,0.0,14,0
20Х13,10,0.0,10,0
20Х13,10,0.0,12,0
Д16,0,20.0,56,40
ПА6 ,8,0.0,8,0
Д16Т,30,0.0,35,0
POM черный,0,12.0,23,29
Сталь 20,30,0.0,10,0
Д16Т,30,0.0,22,0
Д16 Т,0,5.0,20,11
д16 т,0,20.0,63,38
PA 6,0,2.0,37,34
Д16 Т,0,20.0,35,20
PA6 ,0,8.0,47,20
Д16Т,0,25,380,62
Д16Т,0,25,380,62
AISI 304,0,2,48,30
AISI 304,0,2,48,30
AISI 304,42,0,15,0
AISI 304,0,3,42,18
20X13,25,0.0,15,0
INOX304,0,0.3,7,15
Стекло ТОСП,0,5.0,116,12
Сталь 45,8,0.0,20,0
Сталь 45,8,0.0,20,0
Сталь 45,8,0.0,22,0
Сталь 45,8,0.0,24,0
Д16Т,40,0.0,25,0
Д16Т,0,12.0,110,60
Д16Т,28,0.0,23,0
Д16Т,28,0.0,23,0
РОМ черн,0,2.0,50,30
Л63,0,6.0,26,26
Л63,0,6.0,26,26
д16 Т,0,60.0,120,120
Д16 Т,50,0.0,12,0
Д16 Т,50,0.0,8,0
Д16 Т,50,0.0,8,0
В95 Т,50,0.0,10,0
Д16 Т,50,0.0,70,0
Д16,0,20.0,52,56
Д 16Т,40,0.0,10,0
12Х18Н10Т,0,0.1,50,50
Д16 Т,35,0.0,45,0
Д16 Т,25,0.0,15,0
Д16 Т,30,0.0,10,0
Д16 Т,40,0.0,38,0
Сталь 45,6,0.0,10,0
Д16 Т,40,0.0,10,0
Д16 Т,50,0.0,34,0
д16 т,90,0.0,20,0
д16 т,90,0.0,20,0
Д16,0,50.0,120,100
д16 т,0,10.0,90,85
д16,0,40.0,60,25
40Х13,6,0.0,11,0
д16,0,8.0,50,12
д16,0,10.0,20,17
Д16,65,0.0,12,0
Д16 Т,0,12.0,70,65
Сталь 45,12,0.0,12,0
Д16 Т,0,12.0,65,75
ПА6,10,0.0,12,0
д16 т,0,12.0,45,15
д16,0,12.0,60,15
д16,0,16.0,20,15
АMг6,0,1.5,60,67
д16 т,0,10.0,21,20
40Х13,5,0.0,41,0
ПА6 ,0,6.0,28,10
Д16 Т,0,10.0,47,28
Д16 Т,0,16.0,52,35
Д16 Т,20,0.0,18,0
Д16 Т,25,0.0,8,0
Д16 Т,20,0.0,15,0
Д16 Т,20,0.0,18,0
ЛС59-1,0,0.5,25,12
20Х13,15,0.0,14,0
20Х13,10,0.0,10,0
20Х13,10,0.0,12,0
Д16,0,20.0,56,40
РОМ черн,0,25.0,145,112
POM черный,0,30.0,110,5
Д16 Т,70,0.0,23,0
ПА6 ,8,0.0,8,0
А12,6,0.0,16,0
Д16Т,30,0.0,35,0
POM черный,0,12.0,23,29
Сталь 20,30,0.0,10,0
Д16Т,30,0.0,22,0
ЛС59-1,10,0.0,14,0
Д16 Т,0,5.0,20,11
Д16 Т,0,20.0,40,64
20кп,20,0.0,28,0
INOX316L,60,0,25,0
INOX316L,45,0,15,0
INOX316L,45,0,38,0
INOX316L,25,0,29,0
INOX316L,45,0,260,0
PETP white,0,50,500,500
INOX316L,130,0,17,0
INOX304L,12,0,15,0
INOX304L,10,0,13,0
INOX316L,50,0,25,0
INOX316L,35,0,45,0
Д16,0,6,315,68
Д16,0,6,315,68
PEI 1000,0,10,85,70
PEI 1000,0,10,88,70
PEI 1000,0,10,38,25
14Х17Н2,4,0,18,0
14Х17Н2,4,0,59,0
45Х14Н14B2M-ВИ (ЭИ69-ВИ),20,0,33,0
45Х14Н14B2M-ВИ (ЭИ69-ВИ),28,0,39,0
45Х14Н14B2M-ВИ (ЭИ69-ВИ),28,0,38,0
45,18,0,68,0
40Х,20,0,110,0
40Х,24,0,162,0
40Х,20,0,78,0
40Х,15,0,58,0
45,22,0,21,0
45,0,15,80,60
45,0,30,85,60
45,120,0,40,0
45,0,12,50,50
40Х,25,0,16,0
20,18,0,10,0
20,28,0,10,0
20,20,0,10,0
45,65,0,15,0
ЛС59-1,25,0,41,0
20,65,0,30,0
45,60,0,90,0
45,160,0,27,0
45,200,0,60,0
40Х13,20,0,45,0
20,18,0,55,0
45,20,0,48,0
45,0,40,310,110
45,0,20,130,80
45,0,16,140,80
10кп,0,8,160,130
45,65,0,13,0
45,170,0,72,0
45,75,0,20,0
45,50,0,25,0
45,40,0,60,0
10,0,35,170,145
30ХГСН2А,130,0,36,0
30 ХГСН2А  (труба 168х36),159,0,310,0
30ХГСН2А,130,0,40,0
30ХГСН2А,45,0,105,0
30ХГСН2А,130,0,36,0
30 ХГСН2А  (труба 168х36),159,0,310,0
30ХГСН2А,130,0,40,0
30ХГСН2А,45,0,105,0
45.0,220,0,260,0
 AW 2011,0,0,0,0
AW 6061T6,65,0,300,0
